MISSION,MISSION STATEMENT,GOAL,GOAL STATEMENT,ACTION,ACTION STATEMENT,PROGRAMME,REPORT SUMMARY,Action Formal Stakeholder,Formal Stakeholder,Action Category,Report Category
MISSION 1,"A Climate Smart,  Environmentally  Sustainable   Agri-Food Sector",MISSION 1 GOAL 3,"Protect High Status Sites and Contribute to the Protection and Restoration of Good Water Quality and Healthy Aquatic Ecosystems, as set out in the Water Framework Directive",MISSION 1 GOAL 3 ACTION 2,"To further protect waters, including  surface waters, from agricultural,  forestry and urban/industry pollution  (including microbiological pollution),  land use activities need to manage  and mitigate the losses of nitrogen,  phosphorous and sediment to water.",Agricultural Catchments Programme (ACP),"The Department of Agriculture, Food and the Marine funds and supports the implementation of the Agricultural Catchments Programme.",Farmers,"Department Of Agriculture, Food And The Marine",Producers,"Department Of Agriculture, Food And The Marine"
MISSION 1,"A Climate Smart,  Environmentally  Sustainable   Agri-Food Sector",MISSION 1 GOAL 3,"Protect High Status Sites and Contribute to the Protection and Restoration of Good Water Quality and Healthy Aquatic Ecosystems, as set out in the Water Framework Directive",MISSION 1 GOAL 3 ACTION 2,"To further protect waters, including  surface waters, from agricultural,  forestry and urban/industry pollution  (including microbiological pollution),  land use activities need to manage  and mitigate the losses of nitrogen,  phosphorous and sediment to water.",Agricultural Sustainability Support and Advisory Programme (ASSAP),"The Department of Agriculture, Food and the Marine funds and supports the implementation of the Agricultural Catchments Programme.",Farmers,"Department Of Agriculture, Food And The Marine",Producers,"Department Of Agriculture, Food And The Marine"
MISSION 1,"A Climate Smart,  Environmentally  Sustainable   Agri-Food Sector",MISSION 1 GOAL 3,"Protect High Status Sites and Contribute to the Protection and Restoration of Good Water Quality and Healthy Aquatic Ecosystems, as set out in the Water Framework Directive",MISSION 1 GOAL 3 ACTION 2,"To further protect waters, including  surface waters, from agricultural,  forestry and urban/industry pollution  (including microbiological pollution),  land use activities need to manage  and mitigate the losses of nitrogen,  phosphorous and sediment to water.",Agricultural Catchments Programme (ACP),"The Department of Agriculture, Food and the Marine funds and supports the implementation of the Agricultural Catchments Programme.",Forest Industries Ireland,"Department Of Agriculture, Food And The Marine",Semi-State Agency,"Department Of Agriculture, Food And The Marine"
MISSION 1,"A Climate Smart,  Environmentally  Sustainable   Agri-Food Sector",MISSION 1 GOAL 3,"Protect High Status Sites and Contribute to the Protection and Restoration of Good Water Quality and Healthy Aquatic Ecosystems, as set out in the Water Framework Directive",MISSION 1 GOAL 3 ACTION 2,"To further protect waters, including  surface waters, from agricultural,  forestry and urban/industry pollution  (including microbiological pollution),  land use activities need to manage  and mitigate the losses of nitrogen,  phosphorous and sediment to water.",Agricultural Sustainability Support and Advisory Programme (ASSAP),"The Department of Agriculture, Food and the Marine funds and supports the implementation of the Agricultural Catchments Programme.",Forest Industries Ireland,"Department Of Agriculture, Food And The Marine",Semi-State Agency,"Department Of Agriculture, Food And The Marine"
MISSION 1,"A Climate Smart,  Environmentally  Sustainable   Agri-Food Sector",MISSION 1 GOAL 3,"Protect High Status Sites and Contribute to the Protection and Restoration of Good Water Quality and Healthy Aquatic Ecosystems, as set out in the Water Framework Directive",MISSION 1 GOAL 3 ACTION 4,Support farmers to target the right  measure in the right place.,Agricultural Catchments Programme (ACP),"The Department of Agriculture, Food and the Marine funds and oversees the Agricultural Catchments Programme to monitor agricultural practices and has negotiated a new phase for its continuation.",Agricultural Sustainability Support And Advisory Programme,"Department Of Agriculture, Food And The Marine",Research And Regulatory,"Department Of Agriculture, Food And The Marine"
MISSION 1,"A Climate Smart,  Environmentally  Sustainable   Agri-Food Sector",MISSION 1 GOAL 3,"Protect High Status Sites and Contribute to the Protection and Restoration of Good Water Quality and Healthy Aquatic Ecosystems, as set out in the Water Framework Directive",MISSION 1 GOAL 3 ACTION 4,Support farmers to target the right  measure in the right place.,Agricultural Sustainability Support and Advisory Programme (ASSAP),"The Department of Agriculture, Food and the Marine funds and oversees the Agricultural Catchments Programme to monitor agricultural practices and has negotiated a new phase for its continuation.",Agricultural Sustainability Support And Advisory Programme,"Department Of Agriculture, Food And The Marine",Research And Regulatory,"Department Of Agriculture, Food And The Marine"
MISSION 1,"A Climate Smart,  Environmentally  Sustainable   Agri-Food Sector",MISSION 1 GOAL 3,"Protect High Status Sites and Contribute to the Protection and Restoration of Good Water Quality and Healthy Aquatic Ecosystems, as set out in the Water Framework Directive",MISSION 1 GOAL 3 ACTION 4,Support farmers to target the right  measure in the right place.,Agricultural Catchments Programme (ACP),"The Department of Agriculture, Food and the Marine funds and oversees the Agricultural Catchments Programme to monitor agricultural practices and has negotiated a new phase for its continuation.",Local Authority Waters Programme,"Department Of Agriculture, Food And The Marine",State Agencies And Local Authorities,"Department Of Agriculture, Food And The Marine"
MISSION 1,"A Climate Smart,  Environmentally  Sustainable   Agri-Food Sector",MISSION 1 GOAL 3,"Protect High Status Sites and Contribute to the Protection and Restoration of Good Water Quality and Healthy Aquatic Ecosystems, as set out in the Water Framework Directive",MISSION 1 GOAL 3 ACTION 4,Support farmers to target the right  measure in the right place.,Agricultural Sustainability Support and Advisory Programme (ASSAP),"The Department of Agriculture, Food and the Marine funds and oversees the Agricultural Catchments Programme to monitor agricultural practices and has negotiated a new phase for its continuation.",Local Authority Waters Programme,"Department Of Agriculture, Food And The Marine",State Agencies And Local Authorities,"Department Of Agriculture, Food And The Marine"
MISSION 1,"A Climate Smart,  Environmentally  Sustainable   Agri-Food Sector",MISSION 1 GOAL 3,"Protect High Status Sites and Contribute to the Protection and Restoration of Good Water Quality and Healthy Aquatic Ecosystems, as set out in the Water Framework Directive",MISSION 1 GOAL 3 ACTION 4,Support farmers to target the right  measure in the right place.,Agricultural Catchments Programme (ACP),"The Department of Agriculture, Food and the Marine funds and oversees the Agricultural Catchments Programme to monitor agricultural practices and has negotiated a new phase for its continuation.",Base Ireland,"Department Of Agriculture, Food And The Marine",Inputs,"Department Of Agriculture, Food And The Marine"
MISSION 1,"A Climate Smart,  Environmentally  Sustainable   Agri-Food Sector",MISSION 1 GOAL 3,"Protect High Status Sites and Contribute to the Protection and Restoration of Good Water Quality and Healthy Aquatic Ecosystems, as set out in the Water Framework Directive",MISSION 1 GOAL 3 ACTION 4,Support farmers to target the right  measure in the right place.,Agricultural Sustainability Support and Advisory Programme (ASSAP),"The Department of Agriculture, Food and the Marine funds and oversees the Agricultural Catchments Programme to monitor agricultural practices and has negotiated a new phase for its continuation.",Base Ireland,"Department Of Agriculture, Food And The Marine",Inputs,"Department Of Agriculture, Food And The Marine"
MISSION 1,"A Climate Smart,  Environmentally  Sustainable   Agri-Food Sector",MISSION 1 GOAL 3,"Protect High Status Sites and Contribute to the Protection and Restoration of Good Water Quality and Healthy Aquatic Ecosystems, as set out in the Water Framework Directive",MISSION 1 GOAL 3 ACTION 4,Support farmers to target the right  measure in the right place.,Agricultural Catchments Programme (ACP),"The Department of Agriculture, Food and the Marine funds and oversees the Agricultural Catchments Programme to monitor agricultural practices and has negotiated a new phase for its continuation.",Farming For Nature,"Department Of Agriculture, Food And The Marine",Ngo,"Department Of Agriculture, Food And The Marine"
MISSION 1,"A Climate Smart,  Environmentally  Sustainable   Agri-Food Sector",MISSION 1 GOAL 3,"Protect High Status Sites and Contribute to the Protection and Restoration of Good Water Quality and Healthy Aquatic Ecosystems, as set out in the Water Framework Directive",MISSION 1 GOAL 3 ACTION 4,Support farmers to target the right  measure in the right place.,Agricultural Sustainability Support and Advisory Programme (ASSAP),"The Department of Agriculture, Food and the Marine funds and oversees the Agricultural Catchments Programme to monitor agricultural practices and has negotiated a new phase for its continuation.",Farming For Nature,"Department Of Agriculture, Food And The Marine",Ngo,"Department Of Agriculture, Food And The Marine"
MISSION 1,"A Climate Smart,  Environmentally  Sustainable   Agri-Food Sector",MISSION 1 GOAL 3,"Protect High Status Sites and Contribute to the Protection and Restoration of Good Water Quality and Healthy Aquatic Ecosystems, as set out in the Water Framework Directive",MISSION 1 GOAL 3 ACTION 4,Support farmers to target the right  measure in the right place.,Agricultural Catchments Programme (ACP),"The Department of Agriculture, Food and the Marine funds and oversees the Agricultural Catchments Programme to monitor agricultural practices and has negotiated a new phase for its continuation.","Department Of Environment, Climate And Communications","Department Of Agriculture, Food And The Marine","Department Of Environment, Climate And Communications","Department Of Agriculture, Food And The Marine"
MISSION 1,"A Climate Smart,  Environmentally  Sustainable   Agri-Food Sector",MISSION 1 GOAL 3,"Protect High Status Sites and Contribute to the Protection and Restoration of Good Water Quality and Healthy Aquatic Ecosystems, as set out in the Water Framework Directive",MISSION 1 GOAL 3 ACTION 4,Support farmers to target the right  measure in the right place.,Agricultural Sustainability Support and Advisory Programme (ASSAP),"The Department of Agriculture, Food and the Marine funds and oversees the Agricultural Catchments Programme to monitor agricultural practices and has negotiated a new phase for its continuation.","Department Of Environment, Climate And Communications","Department Of Agriculture, Food And The Marine","Department Of Environment, Climate And Communications","Department Of Agriculture, Food And The Marine"
MISSION 1,"A Climate Smart,  Environmentally  Sustainable   Agri-Food Sector",MISSION 1 GOAL 3,"Protect High Status Sites and Contribute to the Protection and Restoration of Good Water Quality and Healthy Aquatic Ecosystems, as set out in the Water Framework Directive",MISSION 1 GOAL 3 ACTION 4,Support farmers to target the right  measure in the right place.,Agricultural Catchments Programme (ACP),"The Department of Agriculture, Food and the Marine funds and oversees the Agricultural Catchments Programme to monitor agricultural practices and has negotiated a new phase for its continuation.",Common Agricultural Policy,"Department Of Agriculture, Food And The Marine",European Union (Eu),"Department Of Agriculture, Food And The Marine"
MISSION 1,"A Climate Smart,  Environmentally  Sustainable   Agri-Food Sector",MISSION 1 GOAL 3,"Protect High Status Sites and Contribute to the Protection and Restoration of Good Water Quality and Healthy Aquatic Ecosystems, as set out in the Water Framework Directive",MISSION 1 GOAL 3 ACTION 4,Support farmers to target the right  measure in the right place.,Agricultural Sustainability Support and Advisory Programme (ASSAP),"The Department of Agriculture, Food and the Marine funds and oversees the Agricultural Catchments Programme to monitor agricultural practices and has negotiated a new phase for its continuation.",Common Agricultural Policy,"Department Of Agriculture, Food And The Marine",European Union (Eu),"Department Of Agriculture, Food And The Marine"
MISSION 1,"A Climate Smart,  Environmentally  Sustainable   Agri-Food Sector",MISSION 1 GOAL 3,"Protect High Status Sites and Contribute to the Protection and Restoration of Good Water Quality and Healthy Aquatic Ecosystems, as set out in the Water Framework Directive",MISSION 1 GOAL 3 ACTION 4,Support farmers to target the right  measure in the right place.,Agricultural Catchments Programme (ACP),"The Department of Agriculture, Food and the Marine funds and oversees the Agricultural Catchments Programme to monitor agricultural practices and has negotiated a new phase for its continuation.",Rural Development Programme,"Department Of Agriculture, Food And The Marine",Department Of Rural And Community Development,"Department Of Agriculture, Food And The Marine"
MISSION 1,"A Climate Smart,  Environmentally  Sustainable   Agri-Food Sector",MISSION 1 GOAL 3,"Protect High Status Sites and Contribute to the Protection and Restoration of Good Water Quality and Healthy Aquatic Ecosystems, as set out in the Water Framework Directive",MISSION 1 GOAL 3 ACTION 4,Support farmers to target the right  measure in the right place.,Agricultural Sustainability Support and Advisory Programme (ASSAP),"The Department of Agriculture, Food and the Marine funds and oversees the Agricultural Catchments Programme to monitor agricultural practices and has negotiated a new phase for its continuation.",Rural Development Programme,"Department Of Agriculture, Food And The Marine",Department Of Rural And Community Development,"Department Of Agriculture, Food And The Marine"
MISSION 1,"A Climate Smart,  Environmentally  Sustainable   Agri-Food Sector",MISSION 1 GOAL 5,Enhance the Environmental Sustainability of the Seafood Sector,MISSION 1 GOAL 5 ACTION 6,"Follow the 11 objectives of the new  National Strategic Plan for sustainable  Aquaculture (NSPA) development for  the period 2021 - 2030    (Administrative procedures, Spatial planning and  access to water, Consumer information, Producers  and market organisation, Human and animal health  and welfare, Environmental performance, Climate  change, Innovation, Control of aquaculture products,  Integration of aquaculture in the local economy and  Data and monitoring).",National Strategic Plan for Sustainable Aquaculture Development 2030,Implements the programme through the publication and rollout of the National Strategic Plan for Sustainable Aquaculture Development.,Irish National Inshore Fisheries Forum,"Department Of Agriculture, Food And The Marine",Trade Association,"Department Of Agriculture, Food And The Marine"
MISSION 1,"A Climate Smart,  Environmentally  Sustainable   Agri-Food Sector",MISSION 1 GOAL 3,"Protect High Status Sites and Contribute to the Protection and Restoration of Good Water Quality and Healthy Aquatic Ecosystems, as set out in the Water Framework Directive",MISSION 1 GOAL 3 ACTION 2,"To further protect waters, including  surface waters, from agricultural,  forestry and urban/industry pollution  (including microbiological pollution),  land use activities need to manage  and mitigate the losses of nitrogen,  phosphorous and sediment to water.",Agricultural Catchments Programme (ACP),Teagasc negotiated a new phase of the Agricultural Catchments Programme and is involved in the Agricultural Sustainability Support and Advisory Programme.,Farmers,Teagasc The Agriculture And Food Development Authority,Producers,Semi-State Agency
MISSION 1,"A Climate Smart,  Environmentally  Sustainable   Agri-Food Sector",MISSION 1 GOAL 3,"Protect High Status Sites and Contribute to the Protection and Restoration of Good Water Quality and Healthy Aquatic Ecosystems, as set out in the Water Framework Directive",MISSION 1 GOAL 3 ACTION 2,"To further protect waters, including  surface waters, from agricultural,  forestry and urban/industry pollution  (including microbiological pollution),  land use activities need to manage  and mitigate the losses of nitrogen,  phosphorous and sediment to water.",Agricultural Sustainability Support and Advisory Programme (ASSAP),Teagasc negotiated a new phase of the Agricultural Catchments Programme and is involved in the Agricultural Sustainability Support and Advisory Programme.,Farmers,Teagasc The Agriculture And Food Development Authority,Producers,Semi-State Agency
MISSION 1,"A Climate Smart,  Environmentally  Sustainable   Agri-Food Sector",MISSION 1 GOAL 3,"Protect High Status Sites and Contribute to the Protection and Restoration of Good Water Quality and Healthy Aquatic Ecosystems, as set out in the Water Framework Directive",MISSION 1 GOAL 3 ACTION 2,"To further protect waters, including  surface waters, from agricultural,  forestry and urban/industry pollution  (including microbiological pollution),  land use activities need to manage  and mitigate the losses of nitrogen,  phosphorous and sediment to water.",Agricultural Catchments Programme (ACP),Teagasc negotiated a new phase of the Agricultural Catchments Programme and is involved in the Agricultural Sustainability Support and Advisory Programme.,Agricultural Systems,Teagasc The Agriculture And Food Development Authority,Inputs,Semi-State Agency
MISSION 1,"A Climate Smart,  Environmentally  Sustainable   Agri-Food Sector",MISSION 1 GOAL 3,"Protect High Status Sites and Contribute to the Protection and Restoration of Good Water Quality and Healthy Aquatic Ecosystems, as set out in the Water Framework Directive",MISSION 1 GOAL 3 ACTION 2,"To further protect waters, including  surface waters, from agricultural,  forestry and urban/industry pollution  (including microbiological pollution),  land use activities need to manage  and mitigate the losses of nitrogen,  phosphorous and sediment to water.",Agricultural Sustainability Support and Advisory Programme (ASSAP),Teagasc negotiated a new phase of the Agricultural Catchments Programme and is involved in the Agricultural Sustainability Support and Advisory Programme.,Agricultural Systems,Teagasc The Agriculture And Food Development Authority,Inputs,Semi-State Agency
MISSION 1,"A Climate Smart,  Environmentally  Sustainable   Agri-Food Sector",MISSION 1 GOAL 3,"Protect High Status Sites and Contribute to the Protection and Restoration of Good Water Quality and Healthy Aquatic Ecosystems, as set out in the Water Framework Directive",MISSION 1 GOAL 3 ACTION 2,"To further protect waters, including  surface waters, from agricultural,  forestry and urban/industry pollution  (including microbiological pollution),  land use activities need to manage  and mitigate the losses of nitrogen,  phosphorous and sediment to water.",Agricultural Catchments Programme (ACP),Teagasc negotiated a new phase of the Agricultural Catchments Programme and is involved in the Agricultural Sustainability Support and Advisory Programme.,Forest Industries Ireland,Teagasc The Agriculture And Food Development Authority,Semi-State Agency,Semi-State Agency
MISSION 1,"A Climate Smart,  Environmentally  Sustainable   Agri-Food Sector",MISSION 1 GOAL 3,"Protect High Status Sites and Contribute to the Protection and Restoration of Good Water Quality and Healthy Aquatic Ecosystems, as set out in the Water Framework Directive",MISSION 1 GOAL 3 ACTION 2,"To further protect waters, including  surface waters, from agricultural,  forestry and urban/industry pollution  (including microbiological pollution),  land use activities need to manage  and mitigate the losses of nitrogen,  phosphorous and sediment to water.",Agricultural Sustainability Support and Advisory Programme (ASSAP),Teagasc negotiated a new phase of the Agricultural Catchments Programme and is involved in the Agricultural Sustainability Support and Advisory Programme.,Forest Industries Ireland,Teagasc The Agriculture And Food Development Authority,Semi-State Agency,Semi-State Agency
MISSION 1,"A Climate Smart,  Environmentally  Sustainable   Agri-Food Sector",MISSION 1 GOAL 3,"Protect High Status Sites and Contribute to the Protection and Restoration of Good Water Quality and Healthy Aquatic Ecosystems, as set out in the Water Framework Directive",MISSION 1 GOAL 3 ACTION 2,"To further protect waters, including  surface waters, from agricultural,  forestry and urban/industry pollution  (including microbiological pollution),  land use activities need to manage  and mitigate the losses of nitrogen,  phosphorous and sediment to water.",Agricultural Catchments Programme (ACP),Actively involved in providing advisory services to farmers for improving water quality.,Farmers,Agricultural Sustainability Support And Advisory Programme,Producers,Research And Regulatory
MISSION 1,"A Climate Smart,  Environmentally  Sustainable   Agri-Food Sector",MISSION 1 GOAL 3,"Protect High Status Sites and Contribute to the Protection and Restoration of Good Water Quality and Healthy Aquatic Ecosystems, as set out in the Water Framework Directive",MISSION 1 GOAL 3 ACTION 2,"To further protect waters, including  surface waters, from agricultural,  forestry and urban/industry pollution  (including microbiological pollution),  land use activities need to manage  and mitigate the losses of nitrogen,  phosphorous and sediment to water.",Agricultural Sustainability Support and Advisory Programme (ASSAP),Actively involved in providing advisory services to farmers for improving water quality.,Farmers,Agricultural Sustainability Support And Advisory Programme,Producers,Research And Regulatory
MISSION 1,"A Climate Smart,  Environmentally  Sustainable   Agri-Food Sector",MISSION 1 GOAL 3,"Protect High Status Sites and Contribute to the Protection and Restoration of Good Water Quality and Healthy Aquatic Ecosystems, as set out in the Water Framework Directive",MISSION 1 GOAL 3 ACTION 2,"To further protect waters, including  surface waters, from agricultural,  forestry and urban/industry pollution  (including microbiological pollution),  land use activities need to manage  and mitigate the losses of nitrogen,  phosphorous and sediment to water.",Agricultural Catchments Programme (ACP),Actively involved in providing advisory services to farmers for improving water quality.,Agricultural Systems,Agricultural Sustainability Support And Advisory Programme,Inputs,Research And Regulatory
MISSION 1,"A Climate Smart,  Environmentally  Sustainable   Agri-Food Sector",MISSION 1 GOAL 3,"Protect High Status Sites and Contribute to the Protection and Restoration of Good Water Quality and Healthy Aquatic Ecosystems, as set out in the Water Framework Directive",MISSION 1 GOAL 3 ACTION 2,"To further protect waters, including  surface waters, from agricultural,  forestry and urban/industry pollution  (including microbiological pollution),  land use activities need to manage  and mitigate the losses of nitrogen,  phosphorous and sediment to water.",Agricultural Sustainability Support and Advisory Programme (ASSAP),Actively involved in providing advisory services to farmers for improving water quality.,Agricultural Systems,Agricultural Sustainability Support And Advisory Programme,Inputs,Research And Regulatory
MISSION 1,"A Climate Smart,  Environmentally  Sustainable   Agri-Food Sector",MISSION 1 GOAL 3,"Protect High Status Sites and Contribute to the Protection and Restoration of Good Water Quality and Healthy Aquatic Ecosystems, as set out in the Water Framework Directive",MISSION 1 GOAL 3 ACTION 2,"To further protect waters, including  surface waters, from agricultural,  forestry and urban/industry pollution  (including microbiological pollution),  land use activities need to manage  and mitigate the losses of nitrogen,  phosphorous and sediment to water.",Agricultural Catchments Programme (ACP),Actively involved in providing advisory services to farmers for improving water quality.,Forest Industries Ireland,Agricultural Sustainability Support And Advisory Programme,Semi-State Agency,Research And Regulatory
MISSION 1,"A Climate Smart,  Environmentally  Sustainable   Agri-Food Sector",MISSION 1 GOAL 3,"Protect High Status Sites and Contribute to the Protection and Restoration of Good Water Quality and Healthy Aquatic Ecosystems, as set out in the Water Framework Directive",MISSION 1 GOAL 3 ACTION 2,"To further protect waters, including  surface waters, from agricultural,  forestry and urban/industry pollution  (including microbiological pollution),  land use activities need to manage  and mitigate the losses of nitrogen,  phosphorous and sediment to water.",Agricultural Sustainability Support and Advisory Programme (ASSAP),Actively involved in providing advisory services to farmers for improving water quality.,Forest Industries Ireland,Agricultural Sustainability Support And Advisory Programme,Semi-State Agency,Research And Regulatory
MISSION 1,"A Climate Smart,  Environmentally  Sustainable   Agri-Food Sector",MISSION 1 GOAL 3,"Protect High Status Sites and Contribute to the Protection and Restoration of Good Water Quality and Healthy Aquatic Ecosystems, as set out in the Water Framework Directive",MISSION 1 GOAL 3 ACTION 2,"To further protect waters, including  surface waters, from agricultural,  forestry and urban/industry pollution  (including microbiological pollution),  land use activities need to manage  and mitigate the losses of nitrogen,  phosphorous and sediment to water.",Agricultural Catchments Programme (ACP),Actively involved in providing scientific evidence of agricultural impact to support the Agricultural Sustainability Support and Advisory Programme.,Farmers,Local Authority Waters Programme,Producers,State Agencies And Local Authorities
MISSION 1,"A Climate Smart,  Environmentally  Sustainable   Agri-Food Sector",MISSION 1 GOAL 3,"Protect High Status Sites and Contribute to the Protection and Restoration of Good Water Quality and Healthy Aquatic Ecosystems, as set out in the Water Framework Directive",MISSION 1 GOAL 3 ACTION 2,"To further protect waters, including  surface waters, from agricultural,  forestry and urban/industry pollution  (including microbiological pollution),  land use activities need to manage  and mitigate the losses of nitrogen,  phosphorous and sediment to water.",Agricultural Sustainability Support and Advisory Programme (ASSAP),Actively involved in providing scientific evidence of agricultural impact to support the Agricultural Sustainability Support and Advisory Programme.,Farmers,Local Authority Waters Programme,Producers,State Agencies And Local Authorities
MISSION 1,"A Climate Smart,  Environmentally  Sustainable   Agri-Food Sector",MISSION 1 GOAL 3,"Protect High Status Sites and Contribute to the Protection and Restoration of Good Water Quality and Healthy Aquatic Ecosystems, as set out in the Water Framework Directive",MISSION 1 GOAL 3 ACTION 2,"To further protect waters, including  surface waters, from agricultural,  forestry and urban/industry pollution  (including microbiological pollution),  land use activities need to manage  and mitigate the losses of nitrogen,  phosphorous and sediment to water.",Agricultural Catchments Programme (ACP),Actively involved in providing scientific evidence of agricultural impact to support the Agricultural Sustainability Support and Advisory Programme.,Agricultural Systems,Local Authority Waters Programme,Inputs,State Agencies And Local Authorities
MISSION 1,"A Climate Smart,  Environmentally  Sustainable   Agri-Food Sector",MISSION 1 GOAL 3,"Protect High Status Sites and Contribute to the Protection and Restoration of Good Water Quality and Healthy Aquatic Ecosystems, as set out in the Water Framework Directive",MISSION 1 GOAL 3 ACTION 2,"To further protect waters, including  surface waters, from agricultural,  forestry and urban/industry pollution  (including microbiological pollution),  land use activities need to manage  and mitigate the losses of nitrogen,  phosphorous and sediment to water.",Agricultural Sustainability Support and Advisory Programme (ASSAP),Actively involved in providing scientific evidence of agricultural impact to support the Agricultural Sustainability Support and Advisory Programme.,Agricultural Systems,Local Authority Waters Programme,Inputs,State Agencies And Local Authorities
MISSION 1,"A Climate Smart,  Environmentally  Sustainable   Agri-Food Sector",MISSION 1 GOAL 3,"Protect High Status Sites and Contribute to the Protection and Restoration of Good Water Quality and Healthy Aquatic Ecosystems, as set out in the Water Framework Directive",MISSION 1 GOAL 3 ACTION 2,"To further protect waters, including  surface waters, from agricultural,  forestry and urban/industry pollution  (including microbiological pollution),  land use activities need to manage  and mitigate the losses of nitrogen,  phosphorous and sediment to water.",Agricultural Catchments Programme (ACP),Actively involved in providing scientific evidence of agricultural impact to support the Agricultural Sustainability Support and Advisory Programme.,Forest Industries Ireland,Local Authority Waters Programme,Semi-State Agency,State Agencies And Local Authorities
MISSION 1,"A Climate Smart,  Environmentally  Sustainable   Agri-Food Sector",MISSION 1 GOAL 3,"Protect High Status Sites and Contribute to the Protection and Restoration of Good Water Quality and Healthy Aquatic Ecosystems, as set out in the Water Framework Directive",MISSION 1 GOAL 3 ACTION 2,"To further protect waters, including  surface waters, from agricultural,  forestry and urban/industry pollution  (including microbiological pollution),  land use activities need to manage  and mitigate the losses of nitrogen,  phosphorous and sediment to water.",Agricultural Sustainability Support and Advisory Programme (ASSAP),Actively involved in providing scientific evidence of agricultural impact to support the Agricultural Sustainability Support and Advisory Programme.,Forest Industries Ireland,Local Authority Waters Programme,Semi-State Agency,State Agencies And Local Authorities
MISSION 1,"A Climate Smart,  Environmentally  Sustainable   Agri-Food Sector",MISSION 1 GOAL 3,"Protect High Status Sites and Contribute to the Protection and Restoration of Good Water Quality and Healthy Aquatic Ecosystems, as set out in the Water Framework Directive",MISSION 1 GOAL 3 ACTION 2,"To further protect waters, including  surface waters, from agricultural,  forestry and urban/industry pollution  (including microbiological pollution),  land use activities need to manage  and mitigate the losses of nitrogen,  phosphorous and sediment to water.",Agricultural Catchments Programme (ACP),EIP partners are actively involved in the programme by collaborating on the drafting of measures and supporting farmers in implementing agricultural practices.,Farmers,European Innovation Partnership For Agricultural Productivity And Sustainability,Producers,Research And Regulatory
MISSION 1,"A Climate Smart,  Environmentally  Sustainable   Agri-Food Sector",MISSION 1 GOAL 3,"Protect High Status Sites and Contribute to the Protection and Restoration of Good Water Quality and Healthy Aquatic Ecosystems, as set out in the Water Framework Directive",MISSION 1 GOAL 3 ACTION 2,"To further protect waters, including  surface waters, from agricultural,  forestry and urban/industry pollution  (including microbiological pollution),  land use activities need to manage  and mitigate the losses of nitrogen,  phosphorous and sediment to water.",Agricultural Sustainability Support and Advisory Programme (ASSAP),EIP partners are actively involved in the programme by collaborating on the drafting of measures and supporting farmers in implementing agricultural practices.,Farmers,European Innovation Partnership For Agricultural Productivity And Sustainability,Producers,Research And Regulatory
MISSION 1,"A Climate Smart,  Environmentally  Sustainable   Agri-Food Sector",MISSION 1 GOAL 3,"Protect High Status Sites and Contribute to the Protection and Restoration of Good Water Quality and Healthy Aquatic Ecosystems, as set out in the Water Framework Directive",MISSION 1 GOAL 3 ACTION 2,"To further protect waters, including  surface waters, from agricultural,  forestry and urban/industry pollution  (including microbiological pollution),  land use activities need to manage  and mitigate the losses of nitrogen,  phosphorous and sediment to water.",Agricultural Catchments Programme (ACP),EIP partners are actively involved in the programme by collaborating on the drafting of measures and supporting farmers in implementing agricultural practices.,Agricultural Systems,European Innovation Partnership For Agricultural Productivity And Sustainability,Inputs,Research And Regulatory
MISSION 1,"A Climate Smart,  Environmentally  Sustainable   Agri-Food Sector",MISSION 1 GOAL 3,"Protect High Status Sites and Contribute to the Protection and Restoration of Good Water Quality and Healthy Aquatic Ecosystems, as set out in the Water Framework Directive",MISSION 1 GOAL 3 ACTION 2,"To further protect waters, including  surface waters, from agricultural,  forestry and urban/industry pollution  (including microbiological pollution),  land use activities need to manage  and mitigate the losses of nitrogen,  phosphorous and sediment to water.",Agricultural Sustainability Support and Advisory Programme (ASSAP),EIP partners are actively involved in the programme by collaborating on the drafting of measures and supporting farmers in implementing agricultural practices.,Agricultural Systems,European Innovation Partnership For Agricultural Productivity And Sustainability,Inputs,Research And Regulatory
MISSION 1,"A Climate Smart,  Environmentally  Sustainable   Agri-Food Sector",MISSION 1 GOAL 3,"Protect High Status Sites and Contribute to the Protection and Restoration of Good Water Quality and Healthy Aquatic Ecosystems, as set out in the Water Framework Directive",MISSION 1 GOAL 3 ACTION 2,"To further protect waters, including  surface waters, from agricultural,  forestry and urban/industry pollution  (including microbiological pollution),  land use activities need to manage  and mitigate the losses of nitrogen,  phosphorous and sediment to water.",Agricultural Catchments Programme (ACP),EIP partners are actively involved in the programme by collaborating on the drafting of measures and supporting farmers in implementing agricultural practices.,Forest Industries Ireland,European Innovation Partnership For Agricultural Productivity And Sustainability,Semi-State Agency,Research And Regulatory
MISSION 1,"A Climate Smart,  Environmentally  Sustainable   Agri-Food Sector",MISSION 1 GOAL 3,"Protect High Status Sites and Contribute to the Protection and Restoration of Good Water Quality and Healthy Aquatic Ecosystems, as set out in the Water Framework Directive",MISSION 1 GOAL 3 ACTION 2,"To further protect waters, including  surface waters, from agricultural,  forestry and urban/industry pollution  (including microbiological pollution),  land use activities need to manage  and mitigate the losses of nitrogen,  phosphorous and sediment to water.",Agricultural Sustainability Support and Advisory Programme (ASSAP),EIP partners are actively involved in the programme by collaborating on the drafting of measures and supporting farmers in implementing agricultural practices.,Forest Industries Ireland,European Innovation Partnership For Agricultural Productivity And Sustainability,Semi-State Agency,Research And Regulatory
MISSION 1,"A Climate Smart,  Environmentally  Sustainable   Agri-Food Sector",MISSION 1 GOAL 3,"Protect High Status Sites and Contribute to the Protection and Restoration of Good Water Quality and Healthy Aquatic Ecosystems, as set out in the Water Framework Directive",MISSION 1 GOAL 3 ACTION 4,Support farmers to target the right  measure in the right place.,Agricultural Catchments Programme (ACP),Teagasc negotiated a new phase of the Agricultural Catchments Programme and is involved in the Agricultural Sustainability Support and Advisory Programme.,Agricultural Sustainability Support And Advisory Programme,Teagasc The Agriculture And Food Development Authority,Research And Regulatory,Semi-State Agency
MISSION 1,"A Climate Smart,  Environmentally  Sustainable   Agri-Food Sector",MISSION 1 GOAL 3,"Protect High Status Sites and Contribute to the Protection and Restoration of Good Water Quality and Healthy Aquatic Ecosystems, as set out in the Water Framework Directive",MISSION 1 GOAL 3 ACTION 4,Support farmers to target the right  measure in the right place.,Agricultural Sustainability Support and Advisory Programme (ASSAP),Teagasc negotiated a new phase of the Agricultural Catchments Programme and is involved in the Agricultural Sustainability Support and Advisory Programme.,Agricultural Sustainability Support And Advisory Programme,Teagasc The Agriculture And Food Development Authority,Research And Regulatory,Semi-State Agency
MISSION 1,"A Climate Smart,  Environmentally  Sustainable   Agri-Food Sector",MISSION 1 GOAL 3,"Protect High Status Sites and Contribute to the Protection and Restoration of Good Water Quality and Healthy Aquatic Ecosystems, as set out in the Water Framework Directive",MISSION 1 GOAL 3 ACTION 4,Support farmers to target the right  measure in the right place.,Agricultural Catchments Programme (ACP),Teagasc negotiated a new phase of the Agricultural Catchments Programme and is involved in the Agricultural Sustainability Support and Advisory Programme.,Local Authority Waters Programme,Teagasc The Agriculture And Food Development Authority,State Agencies And Local Authorities,Semi-State Agency
MISSION 1,"A Climate Smart,  Environmentally  Sustainable   Agri-Food Sector",MISSION 1 GOAL 3,"Protect High Status Sites and Contribute to the Protection and Restoration of Good Water Quality and Healthy Aquatic Ecosystems, as set out in the Water Framework Directive",MISSION 1 GOAL 3 ACTION 4,Support farmers to target the right  measure in the right place.,Agricultural Sustainability Support and Advisory Programme (ASSAP),Teagasc negotiated a new phase of the Agricultural Catchments Programme and is involved in the Agricultural Sustainability Support and Advisory Programme.,Local Authority Waters Programme,Teagasc The Agriculture And Food Development Authority,State Agencies And Local Authorities,Semi-State Agency
MISSION 1,"A Climate Smart,  Environmentally  Sustainable   Agri-Food Sector",MISSION 1 GOAL 3,"Protect High Status Sites and Contribute to the Protection and Restoration of Good Water Quality and Healthy Aquatic Ecosystems, as set out in the Water Framework Directive",MISSION 1 GOAL 3 ACTION 4,Support farmers to target the right  measure in the right place.,Agricultural Catchments Programme (ACP),Teagasc negotiated a new phase of the Agricultural Catchments Programme and is involved in the Agricultural Sustainability Support and Advisory Programme.,Base Ireland,Teagasc The Agriculture And Food Development Authority,Inputs,Semi-State Agency
MISSION 1,"A Climate Smart,  Environmentally  Sustainable   Agri-Food Sector",MISSION 1 GOAL 3,"Protect High Status Sites and Contribute to the Protection and Restoration of Good Water Quality and Healthy Aquatic Ecosystems, as set out in the Water Framework Directive",MISSION 1 GOAL 3 ACTION 4,Support farmers to target the right  measure in the right place.,Agricultural Sustainability Support and Advisory Programme (ASSAP),Teagasc negotiated a new phase of the Agricultural Catchments Programme and is involved in the Agricultural Sustainability Support and Advisory Programme.,Base Ireland,Teagasc The Agriculture And Food Development Authority,Inputs,Semi-State Agency
MISSION 1,"A Climate Smart,  Environmentally  Sustainable   Agri-Food Sector",MISSION 1 GOAL 3,"Protect High Status Sites and Contribute to the Protection and Restoration of Good Water Quality and Healthy Aquatic Ecosystems, as set out in the Water Framework Directive",MISSION 1 GOAL 3 ACTION 4,Support farmers to target the right  measure in the right place.,Agricultural Catchments Programme (ACP),Teagasc negotiated a new phase of the Agricultural Catchments Programme and is involved in the Agricultural Sustainability Support and Advisory Programme.,Farming For Nature,Teagasc The Agriculture And Food Development Authority,Ngo,Semi-State Agency
MISSION 1,"A Climate Smart,  Environmentally  Sustainable   Agri-Food Sector",MISSION 1 GOAL 3,"Protect High Status Sites and Contribute to the Protection and Restoration of Good Water Quality and Healthy Aquatic Ecosystems, as set out in the Water Framework Directive",MISSION 1 GOAL 3 ACTION 4,Support farmers to target the right  measure in the right place.,Agricultural Sustainability Support and Advisory Programme (ASSAP),Teagasc negotiated a new phase of the Agricultural Catchments Programme and is involved in the Agricultural Sustainability Support and Advisory Programme.,Farming For Nature,Teagasc The Agriculture And Food Development Authority,Ngo,Semi-State Agency
MISSION 1,"A Climate Smart,  Environmentally  Sustainable   Agri-Food Sector",MISSION 1 GOAL 3,"Protect High Status Sites and Contribute to the Protection and Restoration of Good Water Quality and Healthy Aquatic Ecosystems, as set out in the Water Framework Directive",MISSION 1 GOAL 3 ACTION 4,Support farmers to target the right  measure in the right place.,Agricultural Catchments Programme (ACP),Teagasc negotiated a new phase of the Agricultural Catchments Programme and is involved in the Agricultural Sustainability Support and Advisory Programme.,"Department Of Environment, Climate And Communications",Teagasc The Agriculture And Food Development Authority,"Department Of Environment, Climate And Communications",Semi-State Agency
MISSION 1,"A Climate Smart,  Environmentally  Sustainable   Agri-Food Sector",MISSION 1 GOAL 3,"Protect High Status Sites and Contribute to the Protection and Restoration of Good Water Quality and Healthy Aquatic Ecosystems, as set out in the Water Framework Directive",MISSION 1 GOAL 3 ACTION 4,Support farmers to target the right  measure in the right place.,Agricultural Sustainability Support and Advisory Programme (ASSAP),Teagasc negotiated a new phase of the Agricultural Catchments Programme and is involved in the Agricultural Sustainability Support and Advisory Programme.,"Department Of Environment, Climate And Communications",Teagasc The Agriculture And Food Development Authority,"Department Of Environment, Climate And Communications",Semi-State Agency
MISSION 1,"A Climate Smart,  Environmentally  Sustainable   Agri-Food Sector",MISSION 1 GOAL 3,"Protect High Status Sites and Contribute to the Protection and Restoration of Good Water Quality and Healthy Aquatic Ecosystems, as set out in the Water Framework Directive",MISSION 1 GOAL 3 ACTION 4,Support farmers to target the right  measure in the right place.,Agricultural Catchments Programme (ACP),Teagasc negotiated a new phase of the Agricultural Catchments Programme and is involved in the Agricultural Sustainability Support and Advisory Programme.,Common Agricultural Policy,Teagasc The Agriculture And Food Development Authority,European Union (Eu),Semi-State Agency
MISSION 1,"A Climate Smart,  Environmentally  Sustainable   Agri-Food Sector",MISSION 1 GOAL 3,"Protect High Status Sites and Contribute to the Protection and Restoration of Good Water Quality and Healthy Aquatic Ecosystems, as set out in the Water Framework Directive",MISSION 1 GOAL 3 ACTION 4,Support farmers to target the right  measure in the right place.,Agricultural Sustainability Support and Advisory Programme (ASSAP),Teagasc negotiated a new phase of the Agricultural Catchments Programme and is involved in the Agricultural Sustainability Support and Advisory Programme.,Common Agricultural Policy,Teagasc The Agriculture And Food Development Authority,European Union (Eu),Semi-State Agency
MISSION 1,"A Climate Smart,  Environmentally  Sustainable   Agri-Food Sector",MISSION 1 GOAL 3,"Protect High Status Sites and Contribute to the Protection and Restoration of Good Water Quality and Healthy Aquatic Ecosystems, as set out in the Water Framework Directive",MISSION 1 GOAL 3 ACTION 4,Support farmers to target the right  measure in the right place.,Agricultural Catchments Programme (ACP),Teagasc negotiated a new phase of the Agricultural Catchments Programme and is involved in the Agricultural Sustainability Support and Advisory Programme.,Rural Development Programme,Teagasc The Agriculture And Food Development Authority,Department Of Rural And Community Development,Semi-State Agency
MISSION 1,"A Climate Smart,  Environmentally  Sustainable   Agri-Food Sector",MISSION 1 GOAL 3,"Protect High Status Sites and Contribute to the Protection and Restoration of Good Water Quality and Healthy Aquatic Ecosystems, as set out in the Water Framework Directive",MISSION 1 GOAL 3 ACTION 4,Support farmers to target the right  measure in the right place.,Agricultural Sustainability Support and Advisory Programme (ASSAP),Teagasc negotiated a new phase of the Agricultural Catchments Programme and is involved in the Agricultural Sustainability Support and Advisory Programme.,Rural Development Programme,Teagasc The Agriculture And Food Development Authority,Department Of Rural And Community Development,Semi-State Agency
MISSION 1,"A Climate Smart,  Environmentally  Sustainable   Agri-Food Sector",MISSION 1 GOAL 3,"Protect High Status Sites and Contribute to the Protection and Restoration of Good Water Quality and Healthy Aquatic Ecosystems, as set out in the Water Framework Directive",MISSION 1 GOAL 3 ACTION 4,Support farmers to target the right  measure in the right place.,Agricultural Catchments Programme (ACP),Implements a free advisory service to farmers for improving water quality and mitigating agricultural runoff.,Agricultural Sustainability Support And Advisory Programme,Agricultural Sustainability Support And Advisory Programme,Research And Regulatory,Research And Regulatory
MISSION 1,"A Climate Smart,  Environmentally  Sustainable   Agri-Food Sector",MISSION 1 GOAL 3,"Protect High Status Sites and Contribute to the Protection and Restoration of Good Water Quality and Healthy Aquatic Ecosystems, as set out in the Water Framework Directive",MISSION 1 GOAL 3 ACTION 4,Support farmers to target the right  measure in the right place.,Agricultural Sustainability Support and Advisory Programme (ASSAP),Implements a free advisory service to farmers for improving water quality and mitigating agricultural runoff.,Agricultural Sustainability Support And Advisory Programme,Agricultural Sustainability Support And Advisory Programme,Research And Regulatory,Research And Regulatory
MISSION 1,"A Climate Smart,  Environmentally  Sustainable   Agri-Food Sector",MISSION 1 GOAL 3,"Protect High Status Sites and Contribute to the Protection and Restoration of Good Water Quality and Healthy Aquatic Ecosystems, as set out in the Water Framework Directive",MISSION 1 GOAL 3 ACTION 4,Support farmers to target the right  measure in the right place.,Agricultural Catchments Programme (ACP),Implements a free advisory service to farmers for improving water quality and mitigating agricultural runoff.,Local Authority Waters Programme,Agricultural Sustainability Support And Advisory Programme,State Agencies And Local Authorities,Research And Regulatory
MISSION 1,"A Climate Smart,  Environmentally  Sustainable   Agri-Food Sector",MISSION 1 GOAL 3,"Protect High Status Sites and Contribute to the Protection and Restoration of Good Water Quality and Healthy Aquatic Ecosystems, as set out in the Water Framework Directive",MISSION 1 GOAL 3 ACTION 4,Support farmers to target the right  measure in the right place.,Agricultural Sustainability Support and Advisory Programme (ASSAP),Implements a free advisory service to farmers for improving water quality and mitigating agricultural runoff.,Local Authority Waters Programme,Agricultural Sustainability Support And Advisory Programme,State Agencies And Local Authorities,Research And Regulatory
MISSION 1,"A Climate Smart,  Environmentally  Sustainable   Agri-Food Sector",MISSION 1 GOAL 3,"Protect High Status Sites and Contribute to the Protection and Restoration of Good Water Quality and Healthy Aquatic Ecosystems, as set out in the Water Framework Directive",MISSION 1 GOAL 3 ACTION 4,Support farmers to target the right  measure in the right place.,Agricultural Catchments Programme (ACP),Implements a free advisory service to farmers for improving water quality and mitigating agricultural runoff.,Base Ireland,Agricultural Sustainability Support And Advisory Programme,Inputs,Research And Regulatory
MISSION 1,"A Climate Smart,  Environmentally  Sustainable   Agri-Food Sector",MISSION 1 GOAL 3,"Protect High Status Sites and Contribute to the Protection and Restoration of Good Water Quality and Healthy Aquatic Ecosystems, as set out in the Water Framework Directive",MISSION 1 GOAL 3 ACTION 4,Support farmers to target the right  measure in the right place.,Agricultural Sustainability Support and Advisory Programme (ASSAP),Implements a free advisory service to farmers for improving water quality and mitigating agricultural runoff.,Base Ireland,Agricultural Sustainability Support And Advisory Programme,Inputs,Research And Regulatory
MISSION 1,"A Climate Smart,  Environmentally  Sustainable   Agri-Food Sector",MISSION 1 GOAL 3,"Protect High Status Sites and Contribute to the Protection and Restoration of Good Water Quality and Healthy Aquatic Ecosystems, as set out in the Water Framework Directive",MISSION 1 GOAL 3 ACTION 4,Support farmers to target the right  measure in the right place.,Agricultural Catchments Programme (ACP),Implements a free advisory service to farmers for improving water quality and mitigating agricultural runoff.,Farming For Nature,Agricultural Sustainability Support And Advisory Programme,Ngo,Research And Regulatory
MISSION 1,"A Climate Smart,  Environmentally  Sustainable   Agri-Food Sector",MISSION 1 GOAL 3,"Protect High Status Sites and Contribute to the Protection and Restoration of Good Water Quality and Healthy Aquatic Ecosystems, as set out in the Water Framework Directive",MISSION 1 GOAL 3 ACTION 4,Support farmers to target the right  measure in the right place.,Agricultural Sustainability Support and Advisory Programme (ASSAP),Implements a free advisory service to farmers for improving water quality and mitigating agricultural runoff.,Farming For Nature,Agricultural Sustainability Support And Advisory Programme,Ngo,Research And Regulatory
MISSION 1,"A Climate Smart,  Environmentally  Sustainable   Agri-Food Sector",MISSION 1 GOAL 3,"Protect High Status Sites and Contribute to the Protection and Restoration of Good Water Quality and Healthy Aquatic Ecosystems, as set out in the Water Framework Directive",MISSION 1 GOAL 3 ACTION 4,Support farmers to target the right  measure in the right place.,Agricultural Catchments Programme (ACP),Implements a free advisory service to farmers for improving water quality and mitigating agricultural runoff.,"Department Of Environment, Climate And Communications",Agricultural Sustainability Support And Advisory Programme,"Department Of Environment, Climate And Communications",Research And Regulatory
MISSION 1,"A Climate Smart,  Environmentally  Sustainable   Agri-Food Sector",MISSION 1 GOAL 3,"Protect High Status Sites and Contribute to the Protection and Restoration of Good Water Quality and Healthy Aquatic Ecosystems, as set out in the Water Framework Directive",MISSION 1 GOAL 3 ACTION 4,Support farmers to target the right  measure in the right place.,Agricultural Sustainability Support and Advisory Programme (ASSAP),Implements a free advisory service to farmers for improving water quality and mitigating agricultural runoff.,"Department Of Environment, Climate And Communications",Agricultural Sustainability Support And Advisory Programme,"Department Of Environment, Climate And Communications",Research And Regulatory
MISSION 1,"A Climate Smart,  Environmentally  Sustainable   Agri-Food Sector",MISSION 1 GOAL 3,"Protect High Status Sites and Contribute to the Protection and Restoration of Good Water Quality and Healthy Aquatic Ecosystems, as set out in the Water Framework Directive",MISSION 1 GOAL 3 ACTION 4,Support farmers to target the right  measure in the right place.,Agricultural Catchments Programme (ACP),Implements a free advisory service to farmers for improving water quality and mitigating agricultural runoff.,Common Agricultural Policy,Agricultural Sustainability Support And Advisory Programme,European Union (Eu),Research And Regulatory
MISSION 1,"A Climate Smart,  Environmentally  Sustainable   Agri-Food Sector",MISSION 1 GOAL 3,"Protect High Status Sites and Contribute to the Protection and Restoration of Good Water Quality and Healthy Aquatic Ecosystems, as set out in the Water Framework Directive",MISSION 1 GOAL 3 ACTION 4,Support farmers to target the right  measure in the right place.,Agricultural Sustainability Support and Advisory Programme (ASSAP),Implements a free advisory service to farmers for improving water quality and mitigating agricultural runoff.,Common Agricultural Policy,Agricultural Sustainability Support And Advisory Programme,European Union (Eu),Research And Regulatory
MISSION 1,"A Climate Smart,  Environmentally  Sustainable   Agri-Food Sector",MISSION 1 GOAL 3,"Protect High Status Sites and Contribute to the Protection and Restoration of Good Water Quality and Healthy Aquatic Ecosystems, as set out in the Water Framework Directive",MISSION 1 GOAL 3 ACTION 4,Support farmers to target the right  measure in the right place.,Agricultural Catchments Programme (ACP),Implements a free advisory service to farmers for improving water quality and mitigating agricultural runoff.,Rural Development Programme,Agricultural Sustainability Support And Advisory Programme,Department Of Rural And Community Development,Research And Regulatory
MISSION 1,"A Climate Smart,  Environmentally  Sustainable   Agri-Food Sector",MISSION 1 GOAL 3,"Protect High Status Sites and Contribute to the Protection and Restoration of Good Water Quality and Healthy Aquatic Ecosystems, as set out in the Water Framework Directive",MISSION 1 GOAL 3 ACTION 4,Support farmers to target the right  measure in the right place.,Agricultural Sustainability Support and Advisory Programme (ASSAP),Implements a free advisory service to farmers for improving water quality and mitigating agricultural runoff.,Rural Development Programme,Agricultural Sustainability Support And Advisory Programme,Department Of Rural And Community Development,Research And Regulatory
MISSION 1,"A Climate Smart,  Environmentally  Sustainable   Agri-Food Sector",MISSION 1 GOAL 3,"Protect High Status Sites and Contribute to the Protection and Restoration of Good Water Quality and Healthy Aquatic Ecosystems, as set out in the Water Framework Directive",MISSION 1 GOAL 3 ACTION 4,Support farmers to target the right  measure in the right place.,Agricultural Catchments Programme (ACP),Actively involved in providing scientific evidence of agricultural impact and supporting advisory services for water quality improvement.,Agricultural Sustainability Support And Advisory Programme,Local Authority Waters Programme,Research And Regulatory,State Agencies And Local Authorities
MISSION 1,"A Climate Smart,  Environmentally  Sustainable   Agri-Food Sector",MISSION 1 GOAL 3,"Protect High Status Sites and Contribute to the Protection and Restoration of Good Water Quality and Healthy Aquatic Ecosystems, as set out in the Water Framework Directive",MISSION 1 GOAL 3 ACTION 4,Support farmers to target the right  measure in the right place.,Agricultural Sustainability Support and Advisory Programme (ASSAP),Actively involved in providing scientific evidence of agricultural impact and supporting advisory services for water quality improvement.,Agricultural Sustainability Support And Advisory Programme,Local Authority Waters Programme,Research And Regulatory,State Agencies And Local Authorities
MISSION 1,"A Climate Smart,  Environmentally  Sustainable   Agri-Food Sector",MISSION 1 GOAL 3,"Protect High Status Sites and Contribute to the Protection and Restoration of Good Water Quality and Healthy Aquatic Ecosystems, as set out in the Water Framework Directive",MISSION 1 GOAL 3 ACTION 4,Support farmers to target the right  measure in the right place.,Agricultural Catchments Programme (ACP),Actively involved in providing scientific evidence of agricultural impact and supporting advisory services for water quality improvement.,Local Authority Waters Programme,Local Authority Waters Programme,State Agencies And Local Authorities,State Agencies And Local Authorities
MISSION 1,"A Climate Smart,  Environmentally  Sustainable   Agri-Food Sector",MISSION 1 GOAL 3,"Protect High Status Sites and Contribute to the Protection and Restoration of Good Water Quality and Healthy Aquatic Ecosystems, as set out in the Water Framework Directive",MISSION 1 GOAL 3 ACTION 4,Support farmers to target the right  measure in the right place.,Agricultural Sustainability Support and Advisory Programme (ASSAP),Actively involved in providing scientific evidence of agricultural impact and supporting advisory services for water quality improvement.,Local Authority Waters Programme,Local Authority Waters Programme,State Agencies And Local Authorities,State Agencies And Local Authorities
MISSION 1,"A Climate Smart,  Environmentally  Sustainable   Agri-Food Sector",MISSION 1 GOAL 3,"Protect High Status Sites and Contribute to the Protection and Restoration of Good Water Quality and Healthy Aquatic Ecosystems, as set out in the Water Framework Directive",MISSION 1 GOAL 3 ACTION 4,Support farmers to target the right  measure in the right place.,Agricultural Catchments Programme (ACP),Actively involved in providing scientific evidence of agricultural impact and supporting advisory services for water quality improvement.,Base Ireland,Local Authority Waters Programme,Inputs,State Agencies And Local Authorities
MISSION 1,"A Climate Smart,  Environmentally  Sustainable   Agri-Food Sector",MISSION 1 GOAL 3,"Protect High Status Sites and Contribute to the Protection and Restoration of Good Water Quality and Healthy Aquatic Ecosystems, as set out in the Water Framework Directive",MISSION 1 GOAL 3 ACTION 4,Support farmers to target the right  measure in the right place.,Agricultural Sustainability Support and Advisory Programme (ASSAP),Actively involved in providing scientific evidence of agricultural impact and supporting advisory services for water quality improvement.,Base Ireland,Local Authority Waters Programme,Inputs,State Agencies And Local Authorities
MISSION 1,"A Climate Smart,  Environmentally  Sustainable   Agri-Food Sector",MISSION 1 GOAL 3,"Protect High Status Sites and Contribute to the Protection and Restoration of Good Water Quality and Healthy Aquatic Ecosystems, as set out in the Water Framework Directive",MISSION 1 GOAL 3 ACTION 4,Support farmers to target the right  measure in the right place.,Agricultural Catchments Programme (ACP),Actively involved in providing scientific evidence of agricultural impact and supporting advisory services for water quality improvement.,Farming For Nature,Local Authority Waters Programme,Ngo,State Agencies And Local Authorities
MISSION 1,"A Climate Smart,  Environmentally  Sustainable   Agri-Food Sector",MISSION 1 GOAL 3,"Protect High Status Sites and Contribute to the Protection and Restoration of Good Water Quality and Healthy Aquatic Ecosystems, as set out in the Water Framework Directive",MISSION 1 GOAL 3 ACTION 4,Support farmers to target the right  measure in the right place.,Agricultural Sustainability Support and Advisory Programme (ASSAP),Actively involved in providing scientific evidence of agricultural impact and supporting advisory services for water quality improvement.,Farming For Nature,Local Authority Waters Programme,Ngo,State Agencies And Local Authorities
MISSION 1,"A Climate Smart,  Environmentally  Sustainable   Agri-Food Sector",MISSION 1 GOAL 3,"Protect High Status Sites and Contribute to the Protection and Restoration of Good Water Quality and Healthy Aquatic Ecosystems, as set out in the Water Framework Directive",MISSION 1 GOAL 3 ACTION 4,Support farmers to target the right  measure in the right place.,Agricultural Catchments Programme (ACP),Actively involved in providing scientific evidence of agricultural impact and supporting advisory services for water quality improvement.,"Department Of Environment, Climate And Communications",Local Authority Waters Programme,"Department Of Environment, Climate And Communications",State Agencies And Local Authorities
MISSION 1,"A Climate Smart,  Environmentally  Sustainable   Agri-Food Sector",MISSION 1 GOAL 3,"Protect High Status Sites and Contribute to the Protection and Restoration of Good Water Quality and Healthy Aquatic Ecosystems, as set out in the Water Framework Directive",MISSION 1 GOAL 3 ACTION 4,Support farmers to target the right  measure in the right place.,Agricultural Sustainability Support and Advisory Programme (ASSAP),Actively involved in providing scientific evidence of agricultural impact and supporting advisory services for water quality improvement.,"Department Of Environment, Climate And Communications",Local Authority Waters Programme,"Department Of Environment, Climate And Communications",State Agencies And Local Authorities
MISSION 1,"A Climate Smart,  Environmentally  Sustainable   Agri-Food Sector",MISSION 1 GOAL 3,"Protect High Status Sites and Contribute to the Protection and Restoration of Good Water Quality and Healthy Aquatic Ecosystems, as set out in the Water Framework Directive",MISSION 1 GOAL 3 ACTION 4,Support farmers to target the right  measure in the right place.,Agricultural Catchments Programme (ACP),Actively involved in providing scientific evidence of agricultural impact and supporting advisory services for water quality improvement.,Common Agricultural Policy,Local Authority Waters Programme,European Union (Eu),State Agencies And Local Authorities
MISSION 1,"A Climate Smart,  Environmentally  Sustainable   Agri-Food Sector",MISSION 1 GOAL 3,"Protect High Status Sites and Contribute to the Protection and Restoration of Good Water Quality and Healthy Aquatic Ecosystems, as set out in the Water Framework Directive",MISSION 1 GOAL 3 ACTION 4,Support farmers to target the right  measure in the right place.,Agricultural Sustainability Support and Advisory Programme (ASSAP),Actively involved in providing scientific evidence of agricultural impact and supporting advisory services for water quality improvement.,Common Agricultural Policy,Local Authority Waters Programme,European Union (Eu),State Agencies And Local Authorities
MISSION 1,"A Climate Smart,  Environmentally  Sustainable   Agri-Food Sector",MISSION 1 GOAL 3,"Protect High Status Sites and Contribute to the Protection and Restoration of Good Water Quality and Healthy Aquatic Ecosystems, as set out in the Water Framework Directive",MISSION 1 GOAL 3 ACTION 4,Support farmers to target the right  measure in the right place.,Agricultural Catchments Programme (ACP),Actively involved in providing scientific evidence of agricultural impact and supporting advisory services for water quality improvement.,Rural Development Programme,Local Authority Waters Programme,Department Of Rural And Community Development,State Agencies And Local Authorities
MISSION 1,"A Climate Smart,  Environmentally  Sustainable   Agri-Food Sector",MISSION 1 GOAL 3,"Protect High Status Sites and Contribute to the Protection and Restoration of Good Water Quality and Healthy Aquatic Ecosystems, as set out in the Water Framework Directive",MISSION 1 GOAL 3 ACTION 4,Support farmers to target the right  measure in the right place.,Agricultural Sustainability Support and Advisory Programme (ASSAP),Actively involved in providing scientific evidence of agricultural impact and supporting advisory services for water quality improvement.,Rural Development Programme,Local Authority Waters Programme,Department Of Rural And Community Development,State Agencies And Local Authorities
MISSION 1,"A Climate Smart,  Environmentally  Sustainable   Agri-Food Sector",MISSION 1 GOAL 3,"Protect High Status Sites and Contribute to the Protection and Restoration of Good Water Quality and Healthy Aquatic Ecosystems, as set out in the Water Framework Directive",MISSION 1 GOAL 3 ACTION 4,Support farmers to target the right  measure in the right place.,Agricultural Catchments Programme (ACP),Actively involved in developing measures and providing financial support for farmers implementing practices through the Agricultural Sustainability Support and Advisory Programme.,Agricultural Sustainability Support And Advisory Programme,Farming For Water European Innovation Partnership,Research And Regulatory,Research And Regulatory
MISSION 1,"A Climate Smart,  Environmentally  Sustainable   Agri-Food Sector",MISSION 1 GOAL 3,"Protect High Status Sites and Contribute to the Protection and Restoration of Good Water Quality and Healthy Aquatic Ecosystems, as set out in the Water Framework Directive",MISSION 1 GOAL 3 ACTION 4,Support farmers to target the right  measure in the right place.,Agricultural Sustainability Support and Advisory Programme (ASSAP),Actively involved in developing measures and providing financial support for farmers implementing practices through the Agricultural Sustainability Support and Advisory Programme.,Agricultural Sustainability Support And Advisory Programme,Farming For Water European Innovation Partnership,Research And Regulatory,Research And Regulatory
MISSION 1,"A Climate Smart,  Environmentally  Sustainable   Agri-Food Sector",MISSION 1 GOAL 3,"Protect High Status Sites and Contribute to the Protection and Restoration of Good Water Quality and Healthy Aquatic Ecosystems, as set out in the Water Framework Directive",MISSION 1 GOAL 3 ACTION 4,Support farmers to target the right  measure in the right place.,Agricultural Catchments Programme (ACP),Actively involved in developing measures and providing financial support for farmers implementing practices through the Agricultural Sustainability Support and Advisory Programme.,Local Authority Waters Programme,Farming For Water European Innovation Partnership,State Agencies And Local Authorities,Research And Regulatory
MISSION 1,"A Climate Smart,  Environmentally  Sustainable   Agri-Food Sector",MISSION 1 GOAL 3,"Protect High Status Sites and Contribute to the Protection and Restoration of Good Water Quality and Healthy Aquatic Ecosystems, as set out in the Water Framework Directive",MISSION 1 GOAL 3 ACTION 4,Support farmers to target the right  measure in the right place.,Agricultural Sustainability Support and Advisory Programme (ASSAP),Actively involved in developing measures and providing financial support for farmers implementing practices through the Agricultural Sustainability Support and Advisory Programme.,Local Authority Waters Programme,Farming For Water European Innovation Partnership,State Agencies And Local Authorities,Research And Regulatory
MISSION 1,"A Climate Smart,  Environmentally  Sustainable   Agri-Food Sector",MISSION 1 GOAL 3,"Protect High Status Sites and Contribute to the Protection and Restoration of Good Water Quality and Healthy Aquatic Ecosystems, as set out in the Water Framework Directive",MISSION 1 GOAL 3 ACTION 4,Support farmers to target the right  measure in the right place.,Agricultural Catchments Programme (ACP),Actively involved in developing measures and providing financial support for farmers implementing practices through the Agricultural Sustainability Support and Advisory Programme.,Base Ireland,Farming For Water European Innovation Partnership,Inputs,Research And Regulatory
MISSION 1,"A Climate Smart,  Environmentally  Sustainable   Agri-Food Sector",MISSION 1 GOAL 3,"Protect High Status Sites and Contribute to the Protection and Restoration of Good Water Quality and Healthy Aquatic Ecosystems, as set out in the Water Framework Directive",MISSION 1 GOAL 3 ACTION 4,Support farmers to target the right  measure in the right place.,Agricultural Sustainability Support and Advisory Programme (ASSAP),Actively involved in developing measures and providing financial support for farmers implementing practices through the Agricultural Sustainability Support and Advisory Programme.,Base Ireland,Farming For Water European Innovation Partnership,Inputs,Research And Regulatory
MISSION 1,"A Climate Smart,  Environmentally  Sustainable   Agri-Food Sector",MISSION 1 GOAL 3,"Protect High Status Sites and Contribute to the Protection and Restoration of Good Water Quality and Healthy Aquatic Ecosystems, as set out in the Water Framework Directive",MISSION 1 GOAL 3 ACTION 4,Support farmers to target the right  measure in the right place.,Agricultural Catchments Programme (ACP),Actively involved in developing measures and providing financial support for farmers implementing practices through the Agricultural Sustainability Support and Advisory Programme.,Farming For Nature,Farming For Water European Innovation Partnership,Ngo,Research And Regulatory
MISSION 1,"A Climate Smart,  Environmentally  Sustainable   Agri-Food Sector",MISSION 1 GOAL 3,"Protect High Status Sites and Contribute to the Protection and Restoration of Good Water Quality and Healthy Aquatic Ecosystems, as set out in the Water Framework Directive",MISSION 1 GOAL 3 ACTION 4,Support farmers to target the right  measure in the right place.,Agricultural Sustainability Support and Advisory Programme (ASSAP),Actively involved in developing measures and providing financial support for farmers implementing practices through the Agricultural Sustainability Support and Advisory Programme.,Farming For Nature,Farming For Water European Innovation Partnership,Ngo,Research And Regulatory
MISSION 1,"A Climate Smart,  Environmentally  Sustainable   Agri-Food Sector",MISSION 1 GOAL 3,"Protect High Status Sites and Contribute to the Protection and Restoration of Good Water Quality and Healthy Aquatic Ecosystems, as set out in the Water Framework Directive",MISSION 1 GOAL 3 ACTION 4,Support farmers to target the right  measure in the right place.,Agricultural Catchments Programme (ACP),Actively involved in developing measures and providing financial support for farmers implementing practices through the Agricultural Sustainability Support and Advisory Programme.,"Department Of Environment, Climate And Communications",Farming For Water European Innovation Partnership,"Department Of Environment, Climate And Communications",Research And Regulatory
MISSION 1,"A Climate Smart,  Environmentally  Sustainable   Agri-Food Sector",MISSION 1 GOAL 3,"Protect High Status Sites and Contribute to the Protection and Restoration of Good Water Quality and Healthy Aquatic Ecosystems, as set out in the Water Framework Directive",MISSION 1 GOAL 3 ACTION 4,Support farmers to target the right  measure in the right place.,Agricultural Sustainability Support and Advisory Programme (ASSAP),Actively involved in developing measures and providing financial support for farmers implementing practices through the Agricultural Sustainability Support and Advisory Programme.,"Department Of Environment, Climate And Communications",Farming For Water European Innovation Partnership,"Department Of Environment, Climate And Communications",Research And Regulatory
MISSION 1,"A Climate Smart,  Environmentally  Sustainable   Agri-Food Sector",MISSION 1 GOAL 3,"Protect High Status Sites and Contribute to the Protection and Restoration of Good Water Quality and Healthy Aquatic Ecosystems, as set out in the Water Framework Directive",MISSION 1 GOAL 3 ACTION 4,Support farmers to target the right  measure in the right place.,Agricultural Catchments Programme (ACP),Actively involved in developing measures and providing financial support for farmers implementing practices through the Agricultural Sustainability Support and Advisory Programme.,Common Agricultural Policy,Farming For Water European Innovation Partnership,European Union (Eu),Research And Regulatory
MISSION 1,"A Climate Smart,  Environmentally  Sustainable   Agri-Food Sector",MISSION 1 GOAL 3,"Protect High Status Sites and Contribute to the Protection and Restoration of Good Water Quality and Healthy Aquatic Ecosystems, as set out in the Water Framework Directive",MISSION 1 GOAL 3 ACTION 4,Support farmers to target the right  measure in the right place.,Agricultural Sustainability Support and Advisory Programme (ASSAP),Actively involved in developing measures and providing financial support for farmers implementing practices through the Agricultural Sustainability Support and Advisory Programme.,Common Agricultural Policy,Farming For Water European Innovation Partnership,European Union (Eu),Research And Regulatory
MISSION 1,"A Climate Smart,  Environmentally  Sustainable   Agri-Food Sector",MISSION 1 GOAL 3,"Protect High Status Sites and Contribute to the Protection and Restoration of Good Water Quality and Healthy Aquatic Ecosystems, as set out in the Water Framework Directive",MISSION 1 GOAL 3 ACTION 4,Support farmers to target the right  measure in the right place.,Agricultural Catchments Programme (ACP),Actively involved in developing measures and providing financial support for farmers implementing practices through the Agricultural Sustainability Support and Advisory Programme.,Rural Development Programme,Farming For Water European Innovation Partnership,Department Of Rural And Community Development,Research And Regulatory
MISSION 1,"A Climate Smart,  Environmentally  Sustainable   Agri-Food Sector",MISSION 1 GOAL 3,"Protect High Status Sites and Contribute to the Protection and Restoration of Good Water Quality and Healthy Aquatic Ecosystems, as set out in the Water Framework Directive",MISSION 1 GOAL 3 ACTION 4,Support farmers to target the right  measure in the right place.,Agricultural Sustainability Support and Advisory Programme (ASSAP),Actively involved in developing measures and providing financial support for farmers implementing practices through the Agricultural Sustainability Support and Advisory Programme.,Rural Development Programme,Farming For Water European Innovation Partnership,Department Of Rural And Community Development,Research And Regulatory
MISSION 1,"A Climate Smart,  Environmentally  Sustainable   Agri-Food Sector",MISSION 1 GOAL 5,Enhance the Environmental Sustainability of the Seafood Sector,MISSION 1 GOAL 5 ACTION 6,"Follow the 11 objectives of the new  National Strategic Plan for sustainable  Aquaculture (NSPA) development for  the period 2021 - 2030    (Administrative procedures, Spatial planning and  access to water, Consumer information, Producers  and market organisation, Human and animal health  and welfare, Environmental performance, Climate  change, Innovation, Control of aquaculture products,  Integration of aquaculture in the local economy and  Data and monitoring).",National Strategic Plan for Sustainable Aquaculture Development 2030,Actively involved in the implementation of the National Strategic Plan for Sustainable Aquaculture Development 2030.,Irish National Inshore Fisheries Forum,Irish Aquaculture,Trade Association,Producers
MISSION 1,"A Climate Smart,  Environmentally  Sustainable   Agri-Food Sector",MISSION 1 GOAL 5,Enhance the Environmental Sustainability of the Seafood Sector,MISSION 1 GOAL 5 ACTION 6,"Follow the 11 objectives of the new  National Strategic Plan for sustainable  Aquaculture (NSPA) development for  the period 2021 - 2030    (Administrative procedures, Spatial planning and  access to water, Consumer information, Producers  and market organisation, Human and animal health  and welfare, Environmental performance, Climate  change, Innovation, Control of aquaculture products,  Integration of aquaculture in the local economy and  Data and monitoring).",National Strategic Plan for Sustainable Aquaculture Development 2030,Actively involved in providing the strategic vision and framework for funding under the programme.,Irish National Inshore Fisheries Forum,European Union,Trade Association,International Organisation
MISSION 1,"A Climate Smart,  Environmentally  Sustainable   Agri-Food Sector",MISSION 1 GOAL 5,Enhance the Environmental Sustainability of the Seafood Sector,MISSION 1 GOAL 5 ACTION 6,"Follow the 11 objectives of the new  National Strategic Plan for sustainable  Aquaculture (NSPA) development for  the period 2021 - 2030    (Administrative procedures, Spatial planning and  access to water, Consumer information, Producers  and market organisation, Human and animal health  and welfare, Environmental performance, Climate  change, Innovation, Control of aquaculture products,  Integration of aquaculture in the local economy and  Data and monitoring).",National Strategic Plan for Sustainable Aquaculture Development 2030,Actively involved in providing the strategic vision and framework for funding under the programme.,Irish National Inshore Fisheries Forum,European Maritime Fisheries And Aquaculture Fund,Trade Association,International Organisation
