_id,MISSION,MISSION STATEMENT,GOAL,GOAL STATEMENT,ACTION,ACTION STATEMENT,PROGRAMME,REPORT SUMMARY,Action Formal Stakeholder,Formal Stakeholder,Action Category,Report Category,Action Labels,Report Labels,Insert Datetime
684997c99b5e602eb0072f51,MISSION 1,"A Climate Smart,  Environmentally  Sustainable   Agri-Food Sector",MISSION 1 GOAL 3,"Protect High Status Sites and Contribute to the Protection and Restoration of Good Water Quality and Healthy Aquatic Ecosystems, as set out in the Water Framework Directive",MISSION 1 GOAL 3 ACTION 2,"To further protect waters, including  surface waters, from agricultural,  forestry and urban/industry pollution  (including microbiological pollution),  land use activities need to manage  and mitigate the losses of nitrogen,  phosphorous and sediment to water.",Agricultural Catchments Programme (ACP),"The Department of Agriculture, Food and the Marine funds and supports the implementation of the Agricultural Catchments Programme.",Farmers,"Department Of Agriculture, Food And The Marine",Producers,"Department Of Agriculture, Food And The Marine",Producers 008,"Department of Agriculture, Food and the Marine 004",2025-06-11T15:50:49.346Z
684997c99b5e602eb0072f52,MISSION 1,"A Climate Smart,  Environmentally  Sustainable   Agri-Food Sector",MISSION 1 GOAL 3,"Protect High Status Sites and Contribute to the Protection and Restoration of Good Water Quality and Healthy Aquatic Ecosystems, as set out in the Water Framework Directive",MISSION 1 GOAL 3 ACTION 2,"To further protect waters, including  surface waters, from agricultural,  forestry and urban/industry pollution  (including microbiological pollution),  land use activities need to manage  and mitigate the losses of nitrogen,  phosphorous and sediment to water.",Agricultural Sustainability Support and Advisory Programme (ASSAP),"The Department of Agriculture, Food and the Marine funds and supports the implementation of the Agricultural Catchments Programme.",Farmers,"Department Of Agriculture, Food And The Marine",Producers,"Department Of Agriculture, Food And The Marine",Producers 008,"Department of Agriculture, Food and the Marine 004",2025-06-11T15:50:49.346Z
684997c99b5e602eb0072f53,MISSION 1,"A Climate Smart,  Environmentally  Sustainable   Agri-Food Sector",MISSION 1 GOAL 3,"Protect High Status Sites and Contribute to the Protection and Restoration of Good Water Quality and Healthy Aquatic Ecosystems, as set out in the Water Framework Directive",MISSION 1 GOAL 3 ACTION 2,"To further protect waters, including  surface waters, from agricultural,  forestry and urban/industry pollution  (including microbiological pollution),  land use activities need to manage  and mitigate the losses of nitrogen,  phosphorous and sediment to water.",Agricultural Catchments Programme (ACP),"The Department of Agriculture, Food and the Marine funds and supports the implementation of the Agricultural Catchments Programme.",Forest Industries Ireland,"Department Of Agriculture, Food And The Marine",Semi-State Agency,"Department Of Agriculture, Food And The Marine",Semi-State Agency 006,"Department of Agriculture, Food and the Marine 004",2025-06-11T15:50:49.346Z
684997c99b5e602eb0072f54,MISSION 1,"A Climate Smart,  Environmentally  Sustainable   Agri-Food Sector",MISSION 1 GOAL 3,"Protect High Status Sites and Contribute to the Protection and Restoration of Good Water Quality and Healthy Aquatic Ecosystems, as set out in the Water Framework Directive",MISSION 1 GOAL 3 ACTION 2,"To further protect waters, including  surface waters, from agricultural,  forestry and urban/industry pollution  (including microbiological pollution),  land use activities need to manage  and mitigate the losses of nitrogen,  phosphorous and sediment to water.",Agricultural Sustainability Support and Advisory Programme (ASSAP),"The Department of Agriculture, Food and the Marine funds and supports the implementation of the Agricultural Catchments Programme.",Forest Industries Ireland,"Department Of Agriculture, Food And The Marine",Semi-State Agency,"Department Of Agriculture, Food And The Marine",Semi-State Agency 006,"Department of Agriculture, Food and the Marine 004",2025-06-11T15:50:49.346Z
684997c99b5e602eb0072f55,MISSION 1,"A Climate Smart,  Environmentally  Sustainable   Agri-Food Sector",MISSION 1 GOAL 3,"Protect High Status Sites and Contribute to the Protection and Restoration of Good Water Quality and Healthy Aquatic Ecosystems, as set out in the Water Framework Directive",MISSION 1 GOAL 3 ACTION 4,Support farmers to target the right  measure in the right place.,Agricultural Catchments Programme (ACP),"The Department of Agriculture, Food and the Marine funds and oversees the Agricultural Catchments Programme to monitor agricultural practices and has negotiated a new phase for its continuation.",Agricultural Sustainability Support And Advisory Programme,"Department Of Agriculture, Food And The Marine",Research And Regulatory,"Department Of Agriculture, Food And The Marine",Research and Regulatory 007,"Department of Agriculture, Food and the Marine 004",2025-06-11T15:50:49.346Z
684997c99b5e602eb0072f56,MISSION 1,"A Climate Smart,  Environmentally  Sustainable   Agri-Food Sector",MISSION 1 GOAL 3,"Protect High Status Sites and Contribute to the Protection and Restoration of Good Water Quality and Healthy Aquatic Ecosystems, as set out in the Water Framework Directive",MISSION 1 GOAL 3 ACTION 4,Support farmers to target the right  measure in the right place.,Agricultural Sustainability Support and Advisory Programme (ASSAP),"The Department of Agriculture, Food and the Marine funds and oversees the Agricultural Catchments Programme to monitor agricultural practices and has negotiated a new phase for its continuation.",Agricultural Sustainability Support And Advisory Programme,"Department Of Agriculture, Food And The Marine",Research And Regulatory,"Department Of Agriculture, Food And The Marine",Research and Regulatory 007,"Department of Agriculture, Food and the Marine 004",2025-06-11T15:50:49.346Z
684997c99b5e602eb0072f57,MISSION 1,"A Climate Smart,  Environmentally  Sustainable   Agri-Food Sector",MISSION 1 GOAL 3,"Protect High Status Sites and Contribute to the Protection and Restoration of Good Water Quality and Healthy Aquatic Ecosystems, as set out in the Water Framework Directive",MISSION 1 GOAL 3 ACTION 4,Support farmers to target the right  measure in the right place.,Agricultural Catchments Programme (ACP),"The Department of Agriculture, Food and the Marine funds and oversees the Agricultural Catchments Programme to monitor agricultural practices and has negotiated a new phase for its continuation.",Local Authority Waters Programme,"Department Of Agriculture, Food And The Marine",State Agencies And Local Authorities,"Department Of Agriculture, Food And The Marine",State Agencies and Local Authorities 005,"Department of Agriculture, Food and the Marine 004",2025-06-11T15:50:49.346Z
684997c99b5e602eb0072f58,MISSION 1,"A Climate Smart,  Environmentally  Sustainable   Agri-Food Sector",MISSION 1 GOAL 3,"Protect High Status Sites and Contribute to the Protection and Restoration of Good Water Quality and Healthy Aquatic Ecosystems, as set out in the Water Framework Directive",MISSION 1 GOAL 3 ACTION 4,Support farmers to target the right  measure in the right place.,Agricultural Sustainability Support and Advisory Programme (ASSAP),"The Department of Agriculture, Food and the Marine funds and oversees the Agricultural Catchments Programme to monitor agricultural practices and has negotiated a new phase for its continuation.",Local Authority Waters Programme,"Department Of Agriculture, Food And The Marine",State Agencies And Local Authorities,"Department Of Agriculture, Food And The Marine",State Agencies and Local Authorities 005,"Department of Agriculture, Food and the Marine 004",2025-06-11T15:50:49.346Z
684997c99b5e602eb0072f59,MISSION 1,"A Climate Smart,  Environmentally  Sustainable   Agri-Food Sector",MISSION 1 GOAL 3,"Protect High Status Sites and Contribute to the Protection and Restoration of Good Water Quality and Healthy Aquatic Ecosystems, as set out in the Water Framework Directive",MISSION 1 GOAL 3 ACTION 4,Support farmers to target the right  measure in the right place.,Agricultural Catchments Programme (ACP),"The Department of Agriculture, Food and the Marine funds and oversees the Agricultural Catchments Programme to monitor agricultural practices and has negotiated a new phase for its continuation.",Base Ireland,"Department Of Agriculture, Food And The Marine",Inputs,"Department Of Agriculture, Food And The Marine",Inputs 007,"Department of Agriculture, Food and the Marine 004",2025-06-11T15:50:49.346Z
684997c99b5e602eb0072f5a,MISSION 1,"A Climate Smart,  Environmentally  Sustainable   Agri-Food Sector",MISSION 1 GOAL 3,"Protect High Status Sites and Contribute to the Protection and Restoration of Good Water Quality and Healthy Aquatic Ecosystems, as set out in the Water Framework Directive",MISSION 1 GOAL 3 ACTION 4,Support farmers to target the right  measure in the right place.,Agricultural Sustainability Support and Advisory Programme (ASSAP),"The Department of Agriculture, Food and the Marine funds and oversees the Agricultural Catchments Programme to monitor agricultural practices and has negotiated a new phase for its continuation.",Base Ireland,"Department Of Agriculture, Food And The Marine",Inputs,"Department Of Agriculture, Food And The Marine",Inputs 007,"Department of Agriculture, Food and the Marine 004",2025-06-11T15:50:49.346Z
684997c99b5e602eb0072f5b,MISSION 1,"A Climate Smart,  Environmentally  Sustainable   Agri-Food Sector",MISSION 1 GOAL 3,"Protect High Status Sites and Contribute to the Protection and Restoration of Good Water Quality and Healthy Aquatic Ecosystems, as set out in the Water Framework Directive",MISSION 1 GOAL 3 ACTION 4,Support farmers to target the right  measure in the right place.,Agricultural Catchments Programme (ACP),"The Department of Agriculture, Food and the Marine funds and oversees the Agricultural Catchments Programme to monitor agricultural practices and has negotiated a new phase for its continuation.",Farming For Nature,"Department Of Agriculture, Food And The Marine",Ngo,"Department Of Agriculture, Food And The Marine",NGO 014,"Department of Agriculture, Food and the Marine 004",2025-06-11T15:50:49.346Z
684997c99b5e602eb0072f5c,MISSION 1,"A Climate Smart,  Environmentally  Sustainable   Agri-Food Sector",MISSION 1 GOAL 3,"Protect High Status Sites and Contribute to the Protection and Restoration of Good Water Quality and Healthy Aquatic Ecosystems, as set out in the Water Framework Directive",MISSION 1 GOAL 3 ACTION 4,Support farmers to target the right  measure in the right place.,Agricultural Sustainability Support and Advisory Programme (ASSAP),"The Department of Agriculture, Food and the Marine funds and oversees the Agricultural Catchments Programme to monitor agricultural practices and has negotiated a new phase for its continuation.",Farming For Nature,"Department Of Agriculture, Food And The Marine",Ngo,"Department Of Agriculture, Food And The Marine",NGO 014,"Department of Agriculture, Food and the Marine 004",2025-06-11T15:50:49.346Z
684997c99b5e602eb0072f5d,MISSION 1,"A Climate Smart,  Environmentally  Sustainable   Agri-Food Sector",MISSION 1 GOAL 3,"Protect High Status Sites and Contribute to the Protection and Restoration of Good Water Quality and Healthy Aquatic Ecosystems, as set out in the Water Framework Directive",MISSION 1 GOAL 3 ACTION 4,Support farmers to target the right  measure in the right place.,Agricultural Catchments Programme (ACP),"The Department of Agriculture, Food and the Marine funds and oversees the Agricultural Catchments Programme to monitor agricultural practices and has negotiated a new phase for its continuation.","Department Of Environment, Climate And Communications","Department Of Agriculture, Food And The Marine","Department Of Environment, Climate And Communications","Department Of Agriculture, Food And The Marine","Department of Environment, Climate and Communications 004","Department of Agriculture, Food and the Marine 004",2025-06-11T15:50:49.346Z
684997c99b5e602eb0072f5e,MISSION 1,"A Climate Smart,  Environmentally  Sustainable   Agri-Food Sector",MISSION 1 GOAL 3,"Protect High Status Sites and Contribute to the Protection and Restoration of Good Water Quality and Healthy Aquatic Ecosystems, as set out in the Water Framework Directive",MISSION 1 GOAL 3 ACTION 4,Support farmers to target the right  measure in the right place.,Agricultural Sustainability Support and Advisory Programme (ASSAP),"The Department of Agriculture, Food and the Marine funds and oversees the Agricultural Catchments Programme to monitor agricultural practices and has negotiated a new phase for its continuation.","Department Of Environment, Climate And Communications","Department Of Agriculture, Food And The Marine","Department Of Environment, Climate And Communications","Department Of Agriculture, Food And The Marine","Department of Environment, Climate and Communications 004","Department of Agriculture, Food and the Marine 004",2025-06-11T15:50:49.346Z
684997c99b5e602eb0072f5f,MISSION 1,"A Climate Smart,  Environmentally  Sustainable   Agri-Food Sector",MISSION 1 GOAL 3,"Protect High Status Sites and Contribute to the Protection and Restoration of Good Water Quality and Healthy Aquatic Ecosystems, as set out in the Water Framework Directive",MISSION 1 GOAL 3 ACTION 4,Support farmers to target the right  measure in the right place.,Agricultural Catchments Programme (ACP),"The Department of Agriculture, Food and the Marine funds and oversees the Agricultural Catchments Programme to monitor agricultural practices and has negotiated a new phase for its continuation.",Common Agricultural Policy,"Department Of Agriculture, Food And The Marine",European Union (Eu),"Department Of Agriculture, Food And The Marine",European Union (EU) 001,"Department of Agriculture, Food and the Marine 004",2025-06-11T15:50:49.346Z
684997c99b5e602eb0072f60,MISSION 1,"A Climate Smart,  Environmentally  Sustainable   Agri-Food Sector",MISSION 1 GOAL 3,"Protect High Status Sites and Contribute to the Protection and Restoration of Good Water Quality and Healthy Aquatic Ecosystems, as set out in the Water Framework Directive",MISSION 1 GOAL 3 ACTION 4,Support farmers to target the right  measure in the right place.,Agricultural Sustainability Support and Advisory Programme (ASSAP),"The Department of Agriculture, Food and the Marine funds and oversees the Agricultural Catchments Programme to monitor agricultural practices and has negotiated a new phase for its continuation.",Common Agricultural Policy,"Department Of Agriculture, Food And The Marine",European Union (Eu),"Department Of Agriculture, Food And The Marine",European Union (EU) 001,"Department of Agriculture, Food and the Marine 004",2025-06-11T15:50:49.346Z
684997c99b5e602eb0072f61,MISSION 1,"A Climate Smart,  Environmentally  Sustainable   Agri-Food Sector",MISSION 1 GOAL 3,"Protect High Status Sites and Contribute to the Protection and Restoration of Good Water Quality and Healthy Aquatic Ecosystems, as set out in the Water Framework Directive",MISSION 1 GOAL 3 ACTION 4,Support farmers to target the right  measure in the right place.,Agricultural Catchments Programme (ACP),"The Department of Agriculture, Food and the Marine funds and oversees the Agricultural Catchments Programme to monitor agricultural practices and has negotiated a new phase for its continuation.",Rural Development Programme,"Department Of Agriculture, Food And The Marine",Department Of Rural And Community Development,"Department Of Agriculture, Food And The Marine",Department of Rural and Community Development 002,"Department of Agriculture, Food and the Marine 004",2025-06-11T15:50:49.346Z
684997c99b5e602eb0072f62,MISSION 1,"A Climate Smart,  Environmentally  Sustainable   Agri-Food Sector",MISSION 1 GOAL 3,"Protect High Status Sites and Contribute to the Protection and Restoration of Good Water Quality and Healthy Aquatic Ecosystems, as set out in the Water Framework Directive",MISSION 1 GOAL 3 ACTION 4,Support farmers to target the right  measure in the right place.,Agricultural Sustainability Support and Advisory Programme (ASSAP),"The Department of Agriculture, Food and the Marine funds and oversees the Agricultural Catchments Programme to monitor agricultural practices and has negotiated a new phase for its continuation.",Rural Development Programme,"Department Of Agriculture, Food And The Marine",Department Of Rural And Community Development,"Department Of Agriculture, Food And The Marine",Department of Rural and Community Development 002,"Department of Agriculture, Food and the Marine 004",2025-06-11T15:50:49.346Z
684997c99b5e602eb0072f63,MISSION 1,"A Climate Smart,  Environmentally  Sustainable   Agri-Food Sector",MISSION 1 GOAL 5,Enhance the Environmental Sustainability of the Seafood Sector,MISSION 1 GOAL 5 ACTION 6,"Follow the 11 objectives of the new  National Strategic Plan for sustainable  Aquaculture (NSPA) development for  the period 2021 - 2030    (Administrative procedures, Spatial planning and  access to water, Consumer information, Producers  and market organisation, Human and animal health  and welfare, Environmental performance, Climate  change, Innovation, Control of aquaculture products,  Integration of aquaculture in the local economy and  Data and monitoring).",National Strategic Plan for Sustainable Aquaculture Development 2030,Implements the programme through the publication and rollout of the National Strategic Plan for Sustainable Aquaculture Development.,Irish National Inshore Fisheries Forum,"Department Of Agriculture, Food And The Marine",Trade Association,"Department Of Agriculture, Food And The Marine",Trade Association 014,"Department of Agriculture, Food and the Marine 004",2025-06-11T15:50:49.346Z
684997c99b5e602eb0072f64,MISSION 1,"A Climate Smart,  Environmentally  Sustainable   Agri-Food Sector",MISSION 1 GOAL 3,"Protect High Status Sites and Contribute to the Protection and Restoration of Good Water Quality and Healthy Aquatic Ecosystems, as set out in the Water Framework Directive",MISSION 1 GOAL 3 ACTION 2,"To further protect waters, including  surface waters, from agricultural,  forestry and urban/industry pollution  (including microbiological pollution),  land use activities need to manage  and mitigate the losses of nitrogen,  phosphorous and sediment to water.",Agricultural Catchments Programme (ACP),Teagasc negotiated a new phase of the Agricultural Catchments Programme and is involved in the Agricultural Sustainability Support and Advisory Programme.,Farmers,Teagasc The Agriculture And Food Development Authority,Producers,Semi-State Agency,Producers 008,Semi-state agency 012,2025-06-11T15:50:49.346Z
684997c99b5e602eb0072f65,MISSION 1,"A Climate Smart,  Environmentally  Sustainable   Agri-Food Sector",MISSION 1 GOAL 3,"Protect High Status Sites and Contribute to the Protection and Restoration of Good Water Quality and Healthy Aquatic Ecosystems, as set out in the Water Framework Directive",MISSION 1 GOAL 3 ACTION 2,"To further protect waters, including  surface waters, from agricultural,  forestry and urban/industry pollution  (including microbiological pollution),  land use activities need to manage  and mitigate the losses of nitrogen,  phosphorous and sediment to water.",Agricultural Sustainability Support and Advisory Programme (ASSAP),Teagasc negotiated a new phase of the Agricultural Catchments Programme and is involved in the Agricultural Sustainability Support and Advisory Programme.,Farmers,Teagasc The Agriculture And Food Development Authority,Producers,Semi-State Agency,Producers 008,Semi-state agency 012,2025-06-11T15:50:49.346Z
684997c99b5e602eb0072f66,MISSION 1,"A Climate Smart,  Environmentally  Sustainable   Agri-Food Sector",MISSION 1 GOAL 3,"Protect High Status Sites and Contribute to the Protection and Restoration of Good Water Quality and Healthy Aquatic Ecosystems, as set out in the Water Framework Directive",MISSION 1 GOAL 3 ACTION 2,"To further protect waters, including  surface waters, from agricultural,  forestry and urban/industry pollution  (including microbiological pollution),  land use activities need to manage  and mitigate the losses of nitrogen,  phosphorous and sediment to water.",Agricultural Catchments Programme (ACP),Teagasc negotiated a new phase of the Agricultural Catchments Programme and is involved in the Agricultural Sustainability Support and Advisory Programme.,Agricultural Systems,Teagasc The Agriculture And Food Development Authority,Inputs,Semi-State Agency,Inputs 003,Semi-state agency 012,2025-06-11T15:50:49.346Z
684997c99b5e602eb0072f67,MISSION 1,"A Climate Smart,  Environmentally  Sustainable   Agri-Food Sector",MISSION 1 GOAL 3,"Protect High Status Sites and Contribute to the Protection and Restoration of Good Water Quality and Healthy Aquatic Ecosystems, as set out in the Water Framework Directive",MISSION 1 GOAL 3 ACTION 2,"To further protect waters, including  surface waters, from agricultural,  forestry and urban/industry pollution  (including microbiological pollution),  land use activities need to manage  and mitigate the losses of nitrogen,  phosphorous and sediment to water.",Agricultural Sustainability Support and Advisory Programme (ASSAP),Teagasc negotiated a new phase of the Agricultural Catchments Programme and is involved in the Agricultural Sustainability Support and Advisory Programme.,Agricultural Systems,Teagasc The Agriculture And Food Development Authority,Inputs,Semi-State Agency,Inputs 003,Semi-state agency 012,2025-06-11T15:50:49.346Z
684997c99b5e602eb0072f68,MISSION 1,"A Climate Smart,  Environmentally  Sustainable   Agri-Food Sector",MISSION 1 GOAL 3,"Protect High Status Sites and Contribute to the Protection and Restoration of Good Water Quality and Healthy Aquatic Ecosystems, as set out in the Water Framework Directive",MISSION 1 GOAL 3 ACTION 2,"To further protect waters, including  surface waters, from agricultural,  forestry and urban/industry pollution  (including microbiological pollution),  land use activities need to manage  and mitigate the losses of nitrogen,  phosphorous and sediment to water.",Agricultural Catchments Programme (ACP),Teagasc negotiated a new phase of the Agricultural Catchments Programme and is involved in the Agricultural Sustainability Support and Advisory Programme.,Forest Industries Ireland,Teagasc The Agriculture And Food Development Authority,Semi-State Agency,Semi-State Agency,Semi-State Agency 006,Semi-state agency 012,2025-06-11T15:50:49.346Z
684997c99b5e602eb0072f69,MISSION 1,"A Climate Smart,  Environmentally  Sustainable   Agri-Food Sector",MISSION 1 GOAL 3,"Protect High Status Sites and Contribute to the Protection and Restoration of Good Water Quality and Healthy Aquatic Ecosystems, as set out in the Water Framework Directive",MISSION 1 GOAL 3 ACTION 2,"To further protect waters, including  surface waters, from agricultural,  forestry and urban/industry pollution  (including microbiological pollution),  land use activities need to manage  and mitigate the losses of nitrogen,  phosphorous and sediment to water.",Agricultural Sustainability Support and Advisory Programme (ASSAP),Teagasc negotiated a new phase of the Agricultural Catchments Programme and is involved in the Agricultural Sustainability Support and Advisory Programme.,Forest Industries Ireland,Teagasc The Agriculture And Food Development Authority,Semi-State Agency,Semi-State Agency,Semi-State Agency 006,Semi-state agency 012,2025-06-11T15:50:49.346Z
684997c99b5e602eb0072f6a,MISSION 1,"A Climate Smart,  Environmentally  Sustainable   Agri-Food Sector",MISSION 1 GOAL 3,"Protect High Status Sites and Contribute to the Protection and Restoration of Good Water Quality and Healthy Aquatic Ecosystems, as set out in the Water Framework Directive",MISSION 1 GOAL 3 ACTION 2,"To further protect waters, including  surface waters, from agricultural,  forestry and urban/industry pollution  (including microbiological pollution),  land use activities need to manage  and mitigate the losses of nitrogen,  phosphorous and sediment to water.",Agricultural Catchments Programme (ACP),Actively involved in providing advisory services to farmers for improving water quality.,Farmers,Agricultural Sustainability Support And Advisory Programme,Producers,Research And Regulatory,Producers 008,Research and Regulatory 007,2025-06-11T15:50:49.346Z
684997c99b5e602eb0072f6b,MISSION 1,"A Climate Smart,  Environmentally  Sustainable   Agri-Food Sector",MISSION 1 GOAL 3,"Protect High Status Sites and Contribute to the Protection and Restoration of Good Water Quality and Healthy Aquatic Ecosystems, as set out in the Water Framework Directive",MISSION 1 GOAL 3 ACTION 2,"To further protect waters, including  surface waters, from agricultural,  forestry and urban/industry pollution  (including microbiological pollution),  land use activities need to manage  and mitigate the losses of nitrogen,  phosphorous and sediment to water.",Agricultural Sustainability Support and Advisory Programme (ASSAP),Actively involved in providing advisory services to farmers for improving water quality.,Farmers,Agricultural Sustainability Support And Advisory Programme,Producers,Research And Regulatory,Producers 008,Research and Regulatory 007,2025-06-11T15:50:49.346Z
684997c99b5e602eb0072f6c,MISSION 1,"A Climate Smart,  Environmentally  Sustainable   Agri-Food Sector",MISSION 1 GOAL 3,"Protect High Status Sites and Contribute to the Protection and Restoration of Good Water Quality and Healthy Aquatic Ecosystems, as set out in the Water Framework Directive",MISSION 1 GOAL 3 ACTION 2,"To further protect waters, including  surface waters, from agricultural,  forestry and urban/industry pollution  (including microbiological pollution),  land use activities need to manage  and mitigate the losses of nitrogen,  phosphorous and sediment to water.",Agricultural Catchments Programme (ACP),Actively involved in providing advisory services to farmers for improving water quality.,Agricultural Systems,Agricultural Sustainability Support And Advisory Programme,Inputs,Research And Regulatory,Inputs 003,Research and Regulatory 007,2025-06-11T15:50:49.346Z
684997c99b5e602eb0072f6d,MISSION 1,"A Climate Smart,  Environmentally  Sustainable   Agri-Food Sector",MISSION 1 GOAL 3,"Protect High Status Sites and Contribute to the Protection and Restoration of Good Water Quality and Healthy Aquatic Ecosystems, as set out in the Water Framework Directive",MISSION 1 GOAL 3 ACTION 2,"To further protect waters, including  surface waters, from agricultural,  forestry and urban/industry pollution  (including microbiological pollution),  land use activities need to manage  and mitigate the losses of nitrogen,  phosphorous and sediment to water.",Agricultural Sustainability Support and Advisory Programme (ASSAP),Actively involved in providing advisory services to farmers for improving water quality.,Agricultural Systems,Agricultural Sustainability Support And Advisory Programme,Inputs,Research And Regulatory,Inputs 003,Research and Regulatory 007,2025-06-11T15:50:49.346Z
684997c99b5e602eb0072f6e,MISSION 1,"A Climate Smart,  Environmentally  Sustainable   Agri-Food Sector",MISSION 1 GOAL 3,"Protect High Status Sites and Contribute to the Protection and Restoration of Good Water Quality and Healthy Aquatic Ecosystems, as set out in the Water Framework Directive",MISSION 1 GOAL 3 ACTION 2,"To further protect waters, including  surface waters, from agricultural,  forestry and urban/industry pollution  (including microbiological pollution),  land use activities need to manage  and mitigate the losses of nitrogen,  phosphorous and sediment to water.",Agricultural Catchments Programme (ACP),Actively involved in providing advisory services to farmers for improving water quality.,Forest Industries Ireland,Agricultural Sustainability Support And Advisory Programme,Semi-State Agency,Research And Regulatory,Semi-State Agency 006,Research and Regulatory 007,2025-06-11T15:50:49.346Z
684997c99b5e602eb0072f6f,MISSION 1,"A Climate Smart,  Environmentally  Sustainable   Agri-Food Sector",MISSION 1 GOAL 3,"Protect High Status Sites and Contribute to the Protection and Restoration of Good Water Quality and Healthy Aquatic Ecosystems, as set out in the Water Framework Directive",MISSION 1 GOAL 3 ACTION 2,"To further protect waters, including  surface waters, from agricultural,  forestry and urban/industry pollution  (including microbiological pollution),  land use activities need to manage  and mitigate the losses of nitrogen,  phosphorous and sediment to water.",Agricultural Sustainability Support and Advisory Programme (ASSAP),Actively involved in providing advisory services to farmers for improving water quality.,Forest Industries Ireland,Agricultural Sustainability Support And Advisory Programme,Semi-State Agency,Research And Regulatory,Semi-State Agency 006,Research and Regulatory 007,2025-06-11T15:50:49.346Z
684997c99b5e602eb0072f70,MISSION 1,"A Climate Smart,  Environmentally  Sustainable   Agri-Food Sector",MISSION 1 GOAL 3,"Protect High Status Sites and Contribute to the Protection and Restoration of Good Water Quality and Healthy Aquatic Ecosystems, as set out in the Water Framework Directive",MISSION 1 GOAL 3 ACTION 2,"To further protect waters, including  surface waters, from agricultural,  forestry and urban/industry pollution  (including microbiological pollution),  land use activities need to manage  and mitigate the losses of nitrogen,  phosphorous and sediment to water.",Agricultural Catchments Programme (ACP),Actively involved in providing scientific evidence of agricultural impact to support the Agricultural Sustainability Support and Advisory Programme.,Farmers,Local Authority Waters Programme,Producers,State Agencies And Local Authorities,Producers 008,State Agencies and Local Authorities 005,2025-06-11T15:50:49.346Z
684997c99b5e602eb0072f71,MISSION 1,"A Climate Smart,  Environmentally  Sustainable   Agri-Food Sector",MISSION 1 GOAL 3,"Protect High Status Sites and Contribute to the Protection and Restoration of Good Water Quality and Healthy Aquatic Ecosystems, as set out in the Water Framework Directive",MISSION 1 GOAL 3 ACTION 2,"To further protect waters, including  surface waters, from agricultural,  forestry and urban/industry pollution  (including microbiological pollution),  land use activities need to manage  and mitigate the losses of nitrogen,  phosphorous and sediment to water.",Agricultural Sustainability Support and Advisory Programme (ASSAP),Actively involved in providing scientific evidence of agricultural impact to support the Agricultural Sustainability Support and Advisory Programme.,Farmers,Local Authority Waters Programme,Producers,State Agencies And Local Authorities,Producers 008,State Agencies and Local Authorities 005,2025-06-11T15:50:49.346Z
684997c99b5e602eb0072f72,MISSION 1,"A Climate Smart,  Environmentally  Sustainable   Agri-Food Sector",MISSION 1 GOAL 3,"Protect High Status Sites and Contribute to the Protection and Restoration of Good Water Quality and Healthy Aquatic Ecosystems, as set out in the Water Framework Directive",MISSION 1 GOAL 3 ACTION 2,"To further protect waters, including  surface waters, from agricultural,  forestry and urban/industry pollution  (including microbiological pollution),  land use activities need to manage  and mitigate the losses of nitrogen,  phosphorous and sediment to water.",Agricultural Catchments Programme (ACP),Actively involved in providing scientific evidence of agricultural impact to support the Agricultural Sustainability Support and Advisory Programme.,Agricultural Systems,Local Authority Waters Programme,Inputs,State Agencies And Local Authorities,Inputs 003,State Agencies and Local Authorities 005,2025-06-11T15:50:49.346Z
684997c99b5e602eb0072f73,MISSION 1,"A Climate Smart,  Environmentally  Sustainable   Agri-Food Sector",MISSION 1 GOAL 3,"Protect High Status Sites and Contribute to the Protection and Restoration of Good Water Quality and Healthy Aquatic Ecosystems, as set out in the Water Framework Directive",MISSION 1 GOAL 3 ACTION 2,"To further protect waters, including  surface waters, from agricultural,  forestry and urban/industry pollution  (including microbiological pollution),  land use activities need to manage  and mitigate the losses of nitrogen,  phosphorous and sediment to water.",Agricultural Sustainability Support and Advisory Programme (ASSAP),Actively involved in providing scientific evidence of agricultural impact to support the Agricultural Sustainability Support and Advisory Programme.,Agricultural Systems,Local Authority Waters Programme,Inputs,State Agencies And Local Authorities,Inputs 003,State Agencies and Local Authorities 005,2025-06-11T15:50:49.346Z
684997c99b5e602eb0072f74,MISSION 1,"A Climate Smart,  Environmentally  Sustainable   Agri-Food Sector",MISSION 1 GOAL 3,"Protect High Status Sites and Contribute to the Protection and Restoration of Good Water Quality and Healthy Aquatic Ecosystems, as set out in the Water Framework Directive",MISSION 1 GOAL 3 ACTION 2,"To further protect waters, including  surface waters, from agricultural,  forestry and urban/industry pollution  (including microbiological pollution),  land use activities need to manage  and mitigate the losses of nitrogen,  phosphorous and sediment to water.",Agricultural Catchments Programme (ACP),Actively involved in providing scientific evidence of agricultural impact to support the Agricultural Sustainability Support and Advisory Programme.,Forest Industries Ireland,Local Authority Waters Programme,Semi-State Agency,State Agencies And Local Authorities,Semi-State Agency 006,State Agencies and Local Authorities 005,2025-06-11T15:50:49.346Z
684997c99b5e602eb0072f75,MISSION 1,"A Climate Smart,  Environmentally  Sustainable   Agri-Food Sector",MISSION 1 GOAL 3,"Protect High Status Sites and Contribute to the Protection and Restoration of Good Water Quality and Healthy Aquatic Ecosystems, as set out in the Water Framework Directive",MISSION 1 GOAL 3 ACTION 2,"To further protect waters, including  surface waters, from agricultural,  forestry and urban/industry pollution  (including microbiological pollution),  land use activities need to manage  and mitigate the losses of nitrogen,  phosphorous and sediment to water.",Agricultural Sustainability Support and Advisory Programme (ASSAP),Actively involved in providing scientific evidence of agricultural impact to support the Agricultural Sustainability Support and Advisory Programme.,Forest Industries Ireland,Local Authority Waters Programme,Semi-State Agency,State Agencies And Local Authorities,Semi-State Agency 006,State Agencies and Local Authorities 005,2025-06-11T15:50:49.346Z
684997c99b5e602eb0072f76,MISSION 1,"A Climate Smart,  Environmentally  Sustainable   Agri-Food Sector",MISSION 1 GOAL 3,"Protect High Status Sites and Contribute to the Protection and Restoration of Good Water Quality and Healthy Aquatic Ecosystems, as set out in the Water Framework Directive",MISSION 1 GOAL 3 ACTION 2,"To further protect waters, including  surface waters, from agricultural,  forestry and urban/industry pollution  (including microbiological pollution),  land use activities need to manage  and mitigate the losses of nitrogen,  phosphorous and sediment to water.",Agricultural Catchments Programme (ACP),EIP partners are actively involved in the programme by collaborating on the drafting of measures and supporting farmers in implementing agricultural practices.,Farmers,European Innovation Partnership For Agricultural Productivity And Sustainability,Producers,Research And Regulatory,Producers 008,Research and Regulatory 032,2025-06-11T15:50:49.346Z
684997c99b5e602eb0072f77,MISSION 1,"A Climate Smart,  Environmentally  Sustainable   Agri-Food Sector",MISSION 1 GOAL 3,"Protect High Status Sites and Contribute to the Protection and Restoration of Good Water Quality and Healthy Aquatic Ecosystems, as set out in the Water Framework Directive",MISSION 1 GOAL 3 ACTION 2,"To further protect waters, including  surface waters, from agricultural,  forestry and urban/industry pollution  (including microbiological pollution),  land use activities need to manage  and mitigate the losses of nitrogen,  phosphorous and sediment to water.",Agricultural Sustainability Support and Advisory Programme (ASSAP),EIP partners are actively involved in the programme by collaborating on the drafting of measures and supporting farmers in implementing agricultural practices.,Farmers,European Innovation Partnership For Agricultural Productivity And Sustainability,Producers,Research And Regulatory,Producers 008,Research and Regulatory 032,2025-06-11T15:50:49.346Z
684997c99b5e602eb0072f78,MISSION 1,"A Climate Smart,  Environmentally  Sustainable   Agri-Food Sector",MISSION 1 GOAL 3,"Protect High Status Sites and Contribute to the Protection and Restoration of Good Water Quality and Healthy Aquatic Ecosystems, as set out in the Water Framework Directive",MISSION 1 GOAL 3 ACTION 2,"To further protect waters, including  surface waters, from agricultural,  forestry and urban/industry pollution  (including microbiological pollution),  land use activities need to manage  and mitigate the losses of nitrogen,  phosphorous and sediment to water.",Agricultural Catchments Programme (ACP),EIP partners are actively involved in the programme by collaborating on the drafting of measures and supporting farmers in implementing agricultural practices.,Agricultural Systems,European Innovation Partnership For Agricultural Productivity And Sustainability,Inputs,Research And Regulatory,Inputs 003,Research and Regulatory 032,2025-06-11T15:50:49.346Z
684997c99b5e602eb0072f79,MISSION 1,"A Climate Smart,  Environmentally  Sustainable   Agri-Food Sector",MISSION 1 GOAL 3,"Protect High Status Sites and Contribute to the Protection and Restoration of Good Water Quality and Healthy Aquatic Ecosystems, as set out in the Water Framework Directive",MISSION 1 GOAL 3 ACTION 2,"To further protect waters, including  surface waters, from agricultural,  forestry and urban/industry pollution  (including microbiological pollution),  land use activities need to manage  and mitigate the losses of nitrogen,  phosphorous and sediment to water.",Agricultural Sustainability Support and Advisory Programme (ASSAP),EIP partners are actively involved in the programme by collaborating on the drafting of measures and supporting farmers in implementing agricultural practices.,Agricultural Systems,European Innovation Partnership For Agricultural Productivity And Sustainability,Inputs,Research And Regulatory,Inputs 003,Research and Regulatory 032,2025-06-11T15:50:49.346Z
684997c99b5e602eb0072f7a,MISSION 1,"A Climate Smart,  Environmentally  Sustainable   Agri-Food Sector",MISSION 1 GOAL 3,"Protect High Status Sites and Contribute to the Protection and Restoration of Good Water Quality and Healthy Aquatic Ecosystems, as set out in the Water Framework Directive",MISSION 1 GOAL 3 ACTION 2,"To further protect waters, including  surface waters, from agricultural,  forestry and urban/industry pollution  (including microbiological pollution),  land use activities need to manage  and mitigate the losses of nitrogen,  phosphorous and sediment to water.",Agricultural Catchments Programme (ACP),EIP partners are actively involved in the programme by collaborating on the drafting of measures and supporting farmers in implementing agricultural practices.,Forest Industries Ireland,European Innovation Partnership For Agricultural Productivity And Sustainability,Semi-State Agency,Research And Regulatory,Semi-State Agency 006,Research and Regulatory 032,2025-06-11T15:50:49.346Z
684997c99b5e602eb0072f7b,MISSION 1,"A Climate Smart,  Environmentally  Sustainable   Agri-Food Sector",MISSION 1 GOAL 3,"Protect High Status Sites and Contribute to the Protection and Restoration of Good Water Quality and Healthy Aquatic Ecosystems, as set out in the Water Framework Directive",MISSION 1 GOAL 3 ACTION 2,"To further protect waters, including  surface waters, from agricultural,  forestry and urban/industry pollution  (including microbiological pollution),  land use activities need to manage  and mitigate the losses of nitrogen,  phosphorous and sediment to water.",Agricultural Sustainability Support and Advisory Programme (ASSAP),EIP partners are actively involved in the programme by collaborating on the drafting of measures and supporting farmers in implementing agricultural practices.,Forest Industries Ireland,European Innovation Partnership For Agricultural Productivity And Sustainability,Semi-State Agency,Research And Regulatory,Semi-State Agency 006,Research and Regulatory 032,2025-06-11T15:50:49.346Z
684997c99b5e602eb0072f7c,MISSION 1,"A Climate Smart,  Environmentally  Sustainable   Agri-Food Sector",MISSION 1 GOAL 3,"Protect High Status Sites and Contribute to the Protection and Restoration of Good Water Quality and Healthy Aquatic Ecosystems, as set out in the Water Framework Directive",MISSION 1 GOAL 3 ACTION 4,Support farmers to target the right  measure in the right place.,Agricultural Catchments Programme (ACP),Teagasc negotiated a new phase of the Agricultural Catchments Programme and is involved in the Agricultural Sustainability Support and Advisory Programme.,Agricultural Sustainability Support And Advisory Programme,Teagasc The Agriculture And Food Development Authority,Research And Regulatory,Semi-State Agency,Research and Regulatory 007,Semi-state agency 012,2025-06-11T15:50:49.346Z
684997c99b5e602eb0072f7d,MISSION 1,"A Climate Smart,  Environmentally  Sustainable   Agri-Food Sector",MISSION 1 GOAL 3,"Protect High Status Sites and Contribute to the Protection and Restoration of Good Water Quality and Healthy Aquatic Ecosystems, as set out in the Water Framework Directive",MISSION 1 GOAL 3 ACTION 4,Support farmers to target the right  measure in the right place.,Agricultural Sustainability Support and Advisory Programme (ASSAP),Teagasc negotiated a new phase of the Agricultural Catchments Programme and is involved in the Agricultural Sustainability Support and Advisory Programme.,Agricultural Sustainability Support And Advisory Programme,Teagasc The Agriculture And Food Development Authority,Research And Regulatory,Semi-State Agency,Research and Regulatory 007,Semi-state agency 012,2025-06-11T15:50:49.346Z
684997c99b5e602eb0072f7e,MISSION 1,"A Climate Smart,  Environmentally  Sustainable   Agri-Food Sector",MISSION 1 GOAL 3,"Protect High Status Sites and Contribute to the Protection and Restoration of Good Water Quality and Healthy Aquatic Ecosystems, as set out in the Water Framework Directive",MISSION 1 GOAL 3 ACTION 4,Support farmers to target the right  measure in the right place.,Agricultural Catchments Programme (ACP),Teagasc negotiated a new phase of the Agricultural Catchments Programme and is involved in the Agricultural Sustainability Support and Advisory Programme.,Local Authority Waters Programme,Teagasc The Agriculture And Food Development Authority,State Agencies And Local Authorities,Semi-State Agency,State Agencies and Local Authorities 005,Semi-state agency 012,2025-06-11T15:50:49.346Z
684997c99b5e602eb0072f7f,MISSION 1,"A Climate Smart,  Environmentally  Sustainable   Agri-Food Sector",MISSION 1 GOAL 3,"Protect High Status Sites and Contribute to the Protection and Restoration of Good Water Quality and Healthy Aquatic Ecosystems, as set out in the Water Framework Directive",MISSION 1 GOAL 3 ACTION 4,Support farmers to target the right  measure in the right place.,Agricultural Sustainability Support and Advisory Programme (ASSAP),Teagasc negotiated a new phase of the Agricultural Catchments Programme and is involved in the Agricultural Sustainability Support and Advisory Programme.,Local Authority Waters Programme,Teagasc The Agriculture And Food Development Authority,State Agencies And Local Authorities,Semi-State Agency,State Agencies and Local Authorities 005,Semi-state agency 012,2025-06-11T15:50:49.346Z
684997c99b5e602eb0072f80,MISSION 1,"A Climate Smart,  Environmentally  Sustainable   Agri-Food Sector",MISSION 1 GOAL 3,"Protect High Status Sites and Contribute to the Protection and Restoration of Good Water Quality and Healthy Aquatic Ecosystems, as set out in the Water Framework Directive",MISSION 1 GOAL 3 ACTION 4,Support farmers to target the right  measure in the right place.,Agricultural Catchments Programme (ACP),Teagasc negotiated a new phase of the Agricultural Catchments Programme and is involved in the Agricultural Sustainability Support and Advisory Programme.,Base Ireland,Teagasc The Agriculture And Food Development Authority,Inputs,Semi-State Agency,Inputs 007,Semi-state agency 012,2025-06-11T15:50:49.346Z
684997c99b5e602eb0072f81,MISSION 1,"A Climate Smart,  Environmentally  Sustainable   Agri-Food Sector",MISSION 1 GOAL 3,"Protect High Status Sites and Contribute to the Protection and Restoration of Good Water Quality and Healthy Aquatic Ecosystems, as set out in the Water Framework Directive",MISSION 1 GOAL 3 ACTION 4,Support farmers to target the right  measure in the right place.,Agricultural Sustainability Support and Advisory Programme (ASSAP),Teagasc negotiated a new phase of the Agricultural Catchments Programme and is involved in the Agricultural Sustainability Support and Advisory Programme.,Base Ireland,Teagasc The Agriculture And Food Development Authority,Inputs,Semi-State Agency,Inputs 007,Semi-state agency 012,2025-06-11T15:50:49.346Z
684997c99b5e602eb0072f82,MISSION 1,"A Climate Smart,  Environmentally  Sustainable   Agri-Food Sector",MISSION 1 GOAL 3,"Protect High Status Sites and Contribute to the Protection and Restoration of Good Water Quality and Healthy Aquatic Ecosystems, as set out in the Water Framework Directive",MISSION 1 GOAL 3 ACTION 4,Support farmers to target the right  measure in the right place.,Agricultural Catchments Programme (ACP),Teagasc negotiated a new phase of the Agricultural Catchments Programme and is involved in the Agricultural Sustainability Support and Advisory Programme.,Farming For Nature,Teagasc The Agriculture And Food Development Authority,Ngo,Semi-State Agency,NGO 014,Semi-state agency 012,2025-06-11T15:50:49.346Z
684997c99b5e602eb0072f83,MISSION 1,"A Climate Smart,  Environmentally  Sustainable   Agri-Food Sector",MISSION 1 GOAL 3,"Protect High Status Sites and Contribute to the Protection and Restoration of Good Water Quality and Healthy Aquatic Ecosystems, as set out in the Water Framework Directive",MISSION 1 GOAL 3 ACTION 4,Support farmers to target the right  measure in the right place.,Agricultural Sustainability Support and Advisory Programme (ASSAP),Teagasc negotiated a new phase of the Agricultural Catchments Programme and is involved in the Agricultural Sustainability Support and Advisory Programme.,Farming For Nature,Teagasc The Agriculture And Food Development Authority,Ngo,Semi-State Agency,NGO 014,Semi-state agency 012,2025-06-11T15:50:49.346Z
684997c99b5e602eb0072f84,MISSION 1,"A Climate Smart,  Environmentally  Sustainable   Agri-Food Sector",MISSION 1 GOAL 3,"Protect High Status Sites and Contribute to the Protection and Restoration of Good Water Quality and Healthy Aquatic Ecosystems, as set out in the Water Framework Directive",MISSION 1 GOAL 3 ACTION 4,Support farmers to target the right  measure in the right place.,Agricultural Catchments Programme (ACP),Teagasc negotiated a new phase of the Agricultural Catchments Programme and is involved in the Agricultural Sustainability Support and Advisory Programme.,"Department Of Environment, Climate And Communications",Teagasc The Agriculture And Food Development Authority,"Department Of Environment, Climate And Communications",Semi-State Agency,"Department of Environment, Climate and Communications 004",Semi-state agency 012,2025-06-11T15:50:49.346Z
684997c99b5e602eb0072f85,MISSION 1,"A Climate Smart,  Environmentally  Sustainable   Agri-Food Sector",MISSION 1 GOAL 3,"Protect High Status Sites and Contribute to the Protection and Restoration of Good Water Quality and Healthy Aquatic Ecosystems, as set out in the Water Framework Directive",MISSION 1 GOAL 3 ACTION 4,Support farmers to target the right  measure in the right place.,Agricultural Sustainability Support and Advisory Programme (ASSAP),Teagasc negotiated a new phase of the Agricultural Catchments Programme and is involved in the Agricultural Sustainability Support and Advisory Programme.,"Department Of Environment, Climate And Communications",Teagasc The Agriculture And Food Development Authority,"Department Of Environment, Climate And Communications",Semi-State Agency,"Department of Environment, Climate and Communications 004",Semi-state agency 012,2025-06-11T15:50:49.346Z
684997c99b5e602eb0072f86,MISSION 1,"A Climate Smart,  Environmentally  Sustainable   Agri-Food Sector",MISSION 1 GOAL 3,"Protect High Status Sites and Contribute to the Protection and Restoration of Good Water Quality and Healthy Aquatic Ecosystems, as set out in the Water Framework Directive",MISSION 1 GOAL 3 ACTION 4,Support farmers to target the right  measure in the right place.,Agricultural Catchments Programme (ACP),Teagasc negotiated a new phase of the Agricultural Catchments Programme and is involved in the Agricultural Sustainability Support and Advisory Programme.,Common Agricultural Policy,Teagasc The Agriculture And Food Development Authority,European Union (Eu),Semi-State Agency,European Union (EU) 001,Semi-state agency 012,2025-06-11T15:50:49.346Z
684997c99b5e602eb0072f87,MISSION 1,"A Climate Smart,  Environmentally  Sustainable   Agri-Food Sector",MISSION 1 GOAL 3,"Protect High Status Sites and Contribute to the Protection and Restoration of Good Water Quality and Healthy Aquatic Ecosystems, as set out in the Water Framework Directive",MISSION 1 GOAL 3 ACTION 4,Support farmers to target the right  measure in the right place.,Agricultural Sustainability Support and Advisory Programme (ASSAP),Teagasc negotiated a new phase of the Agricultural Catchments Programme and is involved in the Agricultural Sustainability Support and Advisory Programme.,Common Agricultural Policy,Teagasc The Agriculture And Food Development Authority,European Union (Eu),Semi-State Agency,European Union (EU) 001,Semi-state agency 012,2025-06-11T15:50:49.346Z
684997c99b5e602eb0072f88,MISSION 1,"A Climate Smart,  Environmentally  Sustainable   Agri-Food Sector",MISSION 1 GOAL 3,"Protect High Status Sites and Contribute to the Protection and Restoration of Good Water Quality and Healthy Aquatic Ecosystems, as set out in the Water Framework Directive",MISSION 1 GOAL 3 ACTION 4,Support farmers to target the right  measure in the right place.,Agricultural Catchments Programme (ACP),Teagasc negotiated a new phase of the Agricultural Catchments Programme and is involved in the Agricultural Sustainability Support and Advisory Programme.,Rural Development Programme,Teagasc The Agriculture And Food Development Authority,Department Of Rural And Community Development,Semi-State Agency,Department of Rural and Community Development 002,Semi-state agency 012,2025-06-11T15:50:49.346Z
684997c99b5e602eb0072f89,MISSION 1,"A Climate Smart,  Environmentally  Sustainable   Agri-Food Sector",MISSION 1 GOAL 3,"Protect High Status Sites and Contribute to the Protection and Restoration of Good Water Quality and Healthy Aquatic Ecosystems, as set out in the Water Framework Directive",MISSION 1 GOAL 3 ACTION 4,Support farmers to target the right  measure in the right place.,Agricultural Sustainability Support and Advisory Programme (ASSAP),Teagasc negotiated a new phase of the Agricultural Catchments Programme and is involved in the Agricultural Sustainability Support and Advisory Programme.,Rural Development Programme,Teagasc The Agriculture And Food Development Authority,Department Of Rural And Community Development,Semi-State Agency,Department of Rural and Community Development 002,Semi-state agency 012,2025-06-11T15:50:49.346Z
684997c99b5e602eb0072f8a,MISSION 1,"A Climate Smart,  Environmentally  Sustainable   Agri-Food Sector",MISSION 1 GOAL 3,"Protect High Status Sites and Contribute to the Protection and Restoration of Good Water Quality and Healthy Aquatic Ecosystems, as set out in the Water Framework Directive",MISSION 1 GOAL 3 ACTION 4,Support farmers to target the right  measure in the right place.,Agricultural Catchments Programme (ACP),Implements a free advisory service to farmers for improving water quality and mitigating agricultural runoff.,Agricultural Sustainability Support And Advisory Programme,Agricultural Sustainability Support And Advisory Programme,Research And Regulatory,Research And Regulatory,Research and Regulatory 007,Research and Regulatory 007,2025-06-11T15:50:49.346Z
684997c99b5e602eb0072f8b,MISSION 1,"A Climate Smart,  Environmentally  Sustainable   Agri-Food Sector",MISSION 1 GOAL 3,"Protect High Status Sites and Contribute to the Protection and Restoration of Good Water Quality and Healthy Aquatic Ecosystems, as set out in the Water Framework Directive",MISSION 1 GOAL 3 ACTION 4,Support farmers to target the right  measure in the right place.,Agricultural Sustainability Support and Advisory Programme (ASSAP),Implements a free advisory service to farmers for improving water quality and mitigating agricultural runoff.,Agricultural Sustainability Support And Advisory Programme,Agricultural Sustainability Support And Advisory Programme,Research And Regulatory,Research And Regulatory,Research and Regulatory 007,Research and Regulatory 007,2025-06-11T15:50:49.346Z
684997c99b5e602eb0072f8c,MISSION 1,"A Climate Smart,  Environmentally  Sustainable   Agri-Food Sector",MISSION 1 GOAL 3,"Protect High Status Sites and Contribute to the Protection and Restoration of Good Water Quality and Healthy Aquatic Ecosystems, as set out in the Water Framework Directive",MISSION 1 GOAL 3 ACTION 4,Support farmers to target the right  measure in the right place.,Agricultural Catchments Programme (ACP),Implements a free advisory service to farmers for improving water quality and mitigating agricultural runoff.,Local Authority Waters Programme,Agricultural Sustainability Support And Advisory Programme,State Agencies And Local Authorities,Research And Regulatory,State Agencies and Local Authorities 005,Research and Regulatory 007,2025-06-11T15:50:49.346Z
684997c99b5e602eb0072f8d,MISSION 1,"A Climate Smart,  Environmentally  Sustainable   Agri-Food Sector",MISSION 1 GOAL 3,"Protect High Status Sites and Contribute to the Protection and Restoration of Good Water Quality and Healthy Aquatic Ecosystems, as set out in the Water Framework Directive",MISSION 1 GOAL 3 ACTION 4,Support farmers to target the right  measure in the right place.,Agricultural Sustainability Support and Advisory Programme (ASSAP),Implements a free advisory service to farmers for improving water quality and mitigating agricultural runoff.,Local Authority Waters Programme,Agricultural Sustainability Support And Advisory Programme,State Agencies And Local Authorities,Research And Regulatory,State Agencies and Local Authorities 005,Research and Regulatory 007,2025-06-11T15:50:49.346Z
684997c99b5e602eb0072f8e,MISSION 1,"A Climate Smart,  Environmentally  Sustainable   Agri-Food Sector",MISSION 1 GOAL 3,"Protect High Status Sites and Contribute to the Protection and Restoration of Good Water Quality and Healthy Aquatic Ecosystems, as set out in the Water Framework Directive",MISSION 1 GOAL 3 ACTION 4,Support farmers to target the right  measure in the right place.,Agricultural Catchments Programme (ACP),Implements a free advisory service to farmers for improving water quality and mitigating agricultural runoff.,Base Ireland,Agricultural Sustainability Support And Advisory Programme,Inputs,Research And Regulatory,Inputs 007,Research and Regulatory 007,2025-06-11T15:50:49.346Z
684997c99b5e602eb0072f8f,MISSION 1,"A Climate Smart,  Environmentally  Sustainable   Agri-Food Sector",MISSION 1 GOAL 3,"Protect High Status Sites and Contribute to the Protection and Restoration of Good Water Quality and Healthy Aquatic Ecosystems, as set out in the Water Framework Directive",MISSION 1 GOAL 3 ACTION 4,Support farmers to target the right  measure in the right place.,Agricultural Sustainability Support and Advisory Programme (ASSAP),Implements a free advisory service to farmers for improving water quality and mitigating agricultural runoff.,Base Ireland,Agricultural Sustainability Support And Advisory Programme,Inputs,Research And Regulatory,Inputs 007,Research and Regulatory 007,2025-06-11T15:50:49.346Z
684997c99b5e602eb0072f90,MISSION 1,"A Climate Smart,  Environmentally  Sustainable   Agri-Food Sector",MISSION 1 GOAL 3,"Protect High Status Sites and Contribute to the Protection and Restoration of Good Water Quality and Healthy Aquatic Ecosystems, as set out in the Water Framework Directive",MISSION 1 GOAL 3 ACTION 4,Support farmers to target the right  measure in the right place.,Agricultural Catchments Programme (ACP),Implements a free advisory service to farmers for improving water quality and mitigating agricultural runoff.,Farming For Nature,Agricultural Sustainability Support And Advisory Programme,Ngo,Research And Regulatory,NGO 014,Research and Regulatory 007,2025-06-11T15:50:49.346Z
684997c99b5e602eb0072f91,MISSION 1,"A Climate Smart,  Environmentally  Sustainable   Agri-Food Sector",MISSION 1 GOAL 3,"Protect High Status Sites and Contribute to the Protection and Restoration of Good Water Quality and Healthy Aquatic Ecosystems, as set out in the Water Framework Directive",MISSION 1 GOAL 3 ACTION 4,Support farmers to target the right  measure in the right place.,Agricultural Sustainability Support and Advisory Programme (ASSAP),Implements a free advisory service to farmers for improving water quality and mitigating agricultural runoff.,Farming For Nature,Agricultural Sustainability Support And Advisory Programme,Ngo,Research And Regulatory,NGO 014,Research and Regulatory 007,2025-06-11T15:50:49.346Z
684997c99b5e602eb0072f92,MISSION 1,"A Climate Smart,  Environmentally  Sustainable   Agri-Food Sector",MISSION 1 GOAL 3,"Protect High Status Sites and Contribute to the Protection and Restoration of Good Water Quality and Healthy Aquatic Ecosystems, as set out in the Water Framework Directive",MISSION 1 GOAL 3 ACTION 4,Support farmers to target the right  measure in the right place.,Agricultural Catchments Programme (ACP),Implements a free advisory service to farmers for improving water quality and mitigating agricultural runoff.,"Department Of Environment, Climate And Communications",Agricultural Sustainability Support And Advisory Programme,"Department Of Environment, Climate And Communications",Research And Regulatory,"Department of Environment, Climate and Communications 004",Research and Regulatory 007,2025-06-11T15:50:49.346Z
684997c99b5e602eb0072f93,MISSION 1,"A Climate Smart,  Environmentally  Sustainable   Agri-Food Sector",MISSION 1 GOAL 3,"Protect High Status Sites and Contribute to the Protection and Restoration of Good Water Quality and Healthy Aquatic Ecosystems, as set out in the Water Framework Directive",MISSION 1 GOAL 3 ACTION 4,Support farmers to target the right  measure in the right place.,Agricultural Sustainability Support and Advisory Programme (ASSAP),Implements a free advisory service to farmers for improving water quality and mitigating agricultural runoff.,"Department Of Environment, Climate And Communications",Agricultural Sustainability Support And Advisory Programme,"Department Of Environment, Climate And Communications",Research And Regulatory,"Department of Environment, Climate and Communications 004",Research and Regulatory 007,2025-06-11T15:50:49.346Z
684997c99b5e602eb0072f94,MISSION 1,"A Climate Smart,  Environmentally  Sustainable   Agri-Food Sector",MISSION 1 GOAL 3,"Protect High Status Sites and Contribute to the Protection and Restoration of Good Water Quality and Healthy Aquatic Ecosystems, as set out in the Water Framework Directive",MISSION 1 GOAL 3 ACTION 4,Support farmers to target the right  measure in the right place.,Agricultural Catchments Programme (ACP),Implements a free advisory service to farmers for improving water quality and mitigating agricultural runoff.,Common Agricultural Policy,Agricultural Sustainability Support And Advisory Programme,European Union (Eu),Research And Regulatory,European Union (EU) 001,Research and Regulatory 007,2025-06-11T15:50:49.346Z
684997c99b5e602eb0072f95,MISSION 1,"A Climate Smart,  Environmentally  Sustainable   Agri-Food Sector",MISSION 1 GOAL 3,"Protect High Status Sites and Contribute to the Protection and Restoration of Good Water Quality and Healthy Aquatic Ecosystems, as set out in the Water Framework Directive",MISSION 1 GOAL 3 ACTION 4,Support farmers to target the right  measure in the right place.,Agricultural Sustainability Support and Advisory Programme (ASSAP),Implements a free advisory service to farmers for improving water quality and mitigating agricultural runoff.,Common Agricultural Policy,Agricultural Sustainability Support And Advisory Programme,European Union (Eu),Research And Regulatory,European Union (EU) 001,Research and Regulatory 007,2025-06-11T15:50:49.346Z
684997c99b5e602eb0072f96,MISSION 1,"A Climate Smart,  Environmentally  Sustainable   Agri-Food Sector",MISSION 1 GOAL 3,"Protect High Status Sites and Contribute to the Protection and Restoration of Good Water Quality and Healthy Aquatic Ecosystems, as set out in the Water Framework Directive",MISSION 1 GOAL 3 ACTION 4,Support farmers to target the right  measure in the right place.,Agricultural Catchments Programme (ACP),Implements a free advisory service to farmers for improving water quality and mitigating agricultural runoff.,Rural Development Programme,Agricultural Sustainability Support And Advisory Programme,Department Of Rural And Community Development,Research And Regulatory,Department of Rural and Community Development 002,Research and Regulatory 007,2025-06-11T15:50:49.346Z
684997c99b5e602eb0072f97,MISSION 1,"A Climate Smart,  Environmentally  Sustainable   Agri-Food Sector",MISSION 1 GOAL 3,"Protect High Status Sites and Contribute to the Protection and Restoration of Good Water Quality and Healthy Aquatic Ecosystems, as set out in the Water Framework Directive",MISSION 1 GOAL 3 ACTION 4,Support farmers to target the right  measure in the right place.,Agricultural Sustainability Support and Advisory Programme (ASSAP),Implements a free advisory service to farmers for improving water quality and mitigating agricultural runoff.,Rural Development Programme,Agricultural Sustainability Support And Advisory Programme,Department Of Rural And Community Development,Research And Regulatory,Department of Rural and Community Development 002,Research and Regulatory 007,2025-06-11T15:50:49.346Z
684997c99b5e602eb0072f98,MISSION 1,"A Climate Smart,  Environmentally  Sustainable   Agri-Food Sector",MISSION 1 GOAL 3,"Protect High Status Sites and Contribute to the Protection and Restoration of Good Water Quality and Healthy Aquatic Ecosystems, as set out in the Water Framework Directive",MISSION 1 GOAL 3 ACTION 4,Support farmers to target the right  measure in the right place.,Agricultural Catchments Programme (ACP),Actively involved in providing scientific evidence of agricultural impact and supporting advisory services for water quality improvement.,Agricultural Sustainability Support And Advisory Programme,Local Authority Waters Programme,Research And Regulatory,State Agencies And Local Authorities,Research and Regulatory 007,State Agencies and Local Authorities 005,2025-06-11T15:50:49.346Z
684997c99b5e602eb0072f99,MISSION 1,"A Climate Smart,  Environmentally  Sustainable   Agri-Food Sector",MISSION 1 GOAL 3,"Protect High Status Sites and Contribute to the Protection and Restoration of Good Water Quality and Healthy Aquatic Ecosystems, as set out in the Water Framework Directive",MISSION 1 GOAL 3 ACTION 4,Support farmers to target the right  measure in the right place.,Agricultural Sustainability Support and Advisory Programme (ASSAP),Actively involved in providing scientific evidence of agricultural impact and supporting advisory services for water quality improvement.,Agricultural Sustainability Support And Advisory Programme,Local Authority Waters Programme,Research And Regulatory,State Agencies And Local Authorities,Research and Regulatory 007,State Agencies and Local Authorities 005,2025-06-11T15:50:49.346Z
684997c99b5e602eb0072f9a,MISSION 1,"A Climate Smart,  Environmentally  Sustainable   Agri-Food Sector",MISSION 1 GOAL 3,"Protect High Status Sites and Contribute to the Protection and Restoration of Good Water Quality and Healthy Aquatic Ecosystems, as set out in the Water Framework Directive",MISSION 1 GOAL 3 ACTION 4,Support farmers to target the right  measure in the right place.,Agricultural Catchments Programme (ACP),Actively involved in providing scientific evidence of agricultural impact and supporting advisory services for water quality improvement.,Local Authority Waters Programme,Local Authority Waters Programme,State Agencies And Local Authorities,State Agencies And Local Authorities,State Agencies and Local Authorities 005,State Agencies and Local Authorities 005,2025-06-11T15:50:49.346Z
684997c99b5e602eb0072f9b,MISSION 1,"A Climate Smart,  Environmentally  Sustainable   Agri-Food Sector",MISSION 1 GOAL 3,"Protect High Status Sites and Contribute to the Protection and Restoration of Good Water Quality and Healthy Aquatic Ecosystems, as set out in the Water Framework Directive",MISSION 1 GOAL 3 ACTION 4,Support farmers to target the right  measure in the right place.,Agricultural Sustainability Support and Advisory Programme (ASSAP),Actively involved in providing scientific evidence of agricultural impact and supporting advisory services for water quality improvement.,Local Authority Waters Programme,Local Authority Waters Programme,State Agencies And Local Authorities,State Agencies And Local Authorities,State Agencies and Local Authorities 005,State Agencies and Local Authorities 005,2025-06-11T15:50:49.346Z
684997c99b5e602eb0072f9c,MISSION 1,"A Climate Smart,  Environmentally  Sustainable   Agri-Food Sector",MISSION 1 GOAL 3,"Protect High Status Sites and Contribute to the Protection and Restoration of Good Water Quality and Healthy Aquatic Ecosystems, as set out in the Water Framework Directive",MISSION 1 GOAL 3 ACTION 4,Support farmers to target the right  measure in the right place.,Agricultural Catchments Programme (ACP),Actively involved in providing scientific evidence of agricultural impact and supporting advisory services for water quality improvement.,Base Ireland,Local Authority Waters Programme,Inputs,State Agencies And Local Authorities,Inputs 007,State Agencies and Local Authorities 005,2025-06-11T15:50:49.346Z
684997c99b5e602eb0072f9d,MISSION 1,"A Climate Smart,  Environmentally  Sustainable   Agri-Food Sector",MISSION 1 GOAL 3,"Protect High Status Sites and Contribute to the Protection and Restoration of Good Water Quality and Healthy Aquatic Ecosystems, as set out in the Water Framework Directive",MISSION 1 GOAL 3 ACTION 4,Support farmers to target the right  measure in the right place.,Agricultural Sustainability Support and Advisory Programme (ASSAP),Actively involved in providing scientific evidence of agricultural impact and supporting advisory services for water quality improvement.,Base Ireland,Local Authority Waters Programme,Inputs,State Agencies And Local Authorities,Inputs 007,State Agencies and Local Authorities 005,2025-06-11T15:50:49.346Z
684997c99b5e602eb0072f9e,MISSION 1,"A Climate Smart,  Environmentally  Sustainable   Agri-Food Sector",MISSION 1 GOAL 3,"Protect High Status Sites and Contribute to the Protection and Restoration of Good Water Quality and Healthy Aquatic Ecosystems, as set out in the Water Framework Directive",MISSION 1 GOAL 3 ACTION 4,Support farmers to target the right  measure in the right place.,Agricultural Catchments Programme (ACP),Actively involved in providing scientific evidence of agricultural impact and supporting advisory services for water quality improvement.,Farming For Nature,Local Authority Waters Programme,Ngo,State Agencies And Local Authorities,NGO 014,State Agencies and Local Authorities 005,2025-06-11T15:50:49.346Z
684997c99b5e602eb0072f9f,MISSION 1,"A Climate Smart,  Environmentally  Sustainable   Agri-Food Sector",MISSION 1 GOAL 3,"Protect High Status Sites and Contribute to the Protection and Restoration of Good Water Quality and Healthy Aquatic Ecosystems, as set out in the Water Framework Directive",MISSION 1 GOAL 3 ACTION 4,Support farmers to target the right  measure in the right place.,Agricultural Sustainability Support and Advisory Programme (ASSAP),Actively involved in providing scientific evidence of agricultural impact and supporting advisory services for water quality improvement.,Farming For Nature,Local Authority Waters Programme,Ngo,State Agencies And Local Authorities,NGO 014,State Agencies and Local Authorities 005,2025-06-11T15:50:49.346Z
684997c99b5e602eb0072fa0,MISSION 1,"A Climate Smart,  Environmentally  Sustainable   Agri-Food Sector",MISSION 1 GOAL 3,"Protect High Status Sites and Contribute to the Protection and Restoration of Good Water Quality and Healthy Aquatic Ecosystems, as set out in the Water Framework Directive",MISSION 1 GOAL 3 ACTION 4,Support farmers to target the right  measure in the right place.,Agricultural Catchments Programme (ACP),Actively involved in providing scientific evidence of agricultural impact and supporting advisory services for water quality improvement.,"Department Of Environment, Climate And Communications",Local Authority Waters Programme,"Department Of Environment, Climate And Communications",State Agencies And Local Authorities,"Department of Environment, Climate and Communications 004",State Agencies and Local Authorities 005,2025-06-11T15:50:49.346Z
684997c99b5e602eb0072fa1,MISSION 1,"A Climate Smart,  Environmentally  Sustainable   Agri-Food Sector",MISSION 1 GOAL 3,"Protect High Status Sites and Contribute to the Protection and Restoration of Good Water Quality and Healthy Aquatic Ecosystems, as set out in the Water Framework Directive",MISSION 1 GOAL 3 ACTION 4,Support farmers to target the right  measure in the right place.,Agricultural Sustainability Support and Advisory Programme (ASSAP),Actively involved in providing scientific evidence of agricultural impact and supporting advisory services for water quality improvement.,"Department Of Environment, Climate And Communications",Local Authority Waters Programme,"Department Of Environment, Climate And Communications",State Agencies And Local Authorities,"Department of Environment, Climate and Communications 004",State Agencies and Local Authorities 005,2025-06-11T15:50:49.346Z
684997c99b5e602eb0072fa2,MISSION 1,"A Climate Smart,  Environmentally  Sustainable   Agri-Food Sector",MISSION 1 GOAL 3,"Protect High Status Sites and Contribute to the Protection and Restoration of Good Water Quality and Healthy Aquatic Ecosystems, as set out in the Water Framework Directive",MISSION 1 GOAL 3 ACTION 4,Support farmers to target the right  measure in the right place.,Agricultural Catchments Programme (ACP),Actively involved in providing scientific evidence of agricultural impact and supporting advisory services for water quality improvement.,Common Agricultural Policy,Local Authority Waters Programme,European Union (Eu),State Agencies And Local Authorities,European Union (EU) 001,State Agencies and Local Authorities 005,2025-06-11T15:50:49.346Z
684997c99b5e602eb0072fa3,MISSION 1,"A Climate Smart,  Environmentally  Sustainable   Agri-Food Sector",MISSION 1 GOAL 3,"Protect High Status Sites and Contribute to the Protection and Restoration of Good Water Quality and Healthy Aquatic Ecosystems, as set out in the Water Framework Directive",MISSION 1 GOAL 3 ACTION 4,Support farmers to target the right  measure in the right place.,Agricultural Sustainability Support and Advisory Programme (ASSAP),Actively involved in providing scientific evidence of agricultural impact and supporting advisory services for water quality improvement.,Common Agricultural Policy,Local Authority Waters Programme,European Union (Eu),State Agencies And Local Authorities,European Union (EU) 001,State Agencies and Local Authorities 005,2025-06-11T15:50:49.346Z
684997c99b5e602eb0072fa4,MISSION 1,"A Climate Smart,  Environmentally  Sustainable   Agri-Food Sector",MISSION 1 GOAL 3,"Protect High Status Sites and Contribute to the Protection and Restoration of Good Water Quality and Healthy Aquatic Ecosystems, as set out in the Water Framework Directive",MISSION 1 GOAL 3 ACTION 4,Support farmers to target the right  measure in the right place.,Agricultural Catchments Programme (ACP),Actively involved in providing scientific evidence of agricultural impact and supporting advisory services for water quality improvement.,Rural Development Programme,Local Authority Waters Programme,Department Of Rural And Community Development,State Agencies And Local Authorities,Department of Rural and Community Development 002,State Agencies and Local Authorities 005,2025-06-11T15:50:49.346Z
684997c99b5e602eb0072fa5,MISSION 1,"A Climate Smart,  Environmentally  Sustainable   Agri-Food Sector",MISSION 1 GOAL 3,"Protect High Status Sites and Contribute to the Protection and Restoration of Good Water Quality and Healthy Aquatic Ecosystems, as set out in the Water Framework Directive",MISSION 1 GOAL 3 ACTION 4,Support farmers to target the right  measure in the right place.,Agricultural Sustainability Support and Advisory Programme (ASSAP),Actively involved in providing scientific evidence of agricultural impact and supporting advisory services for water quality improvement.,Rural Development Programme,Local Authority Waters Programme,Department Of Rural And Community Development,State Agencies And Local Authorities,Department of Rural and Community Development 002,State Agencies and Local Authorities 005,2025-06-11T15:50:49.346Z
684997c99b5e602eb0072fa6,MISSION 1,"A Climate Smart,  Environmentally  Sustainable   Agri-Food Sector",MISSION 1 GOAL 3,"Protect High Status Sites and Contribute to the Protection and Restoration of Good Water Quality and Healthy Aquatic Ecosystems, as set out in the Water Framework Directive",MISSION 1 GOAL 3 ACTION 4,Support farmers to target the right  measure in the right place.,Agricultural Catchments Programme (ACP),Actively involved in developing measures and providing financial support for farmers implementing practices through the Agricultural Sustainability Support and Advisory Programme.,Agricultural Sustainability Support And Advisory Programme,Farming For Water European Innovation Partnership,Research And Regulatory,Research And Regulatory,Research and Regulatory 007,Research and Regulatory 034,2025-06-11T15:50:49.346Z
684997c99b5e602eb0072fa7,MISSION 1,"A Climate Smart,  Environmentally  Sustainable   Agri-Food Sector",MISSION 1 GOAL 3,"Protect High Status Sites and Contribute to the Protection and Restoration of Good Water Quality and Healthy Aquatic Ecosystems, as set out in the Water Framework Directive",MISSION 1 GOAL 3 ACTION 4,Support farmers to target the right  measure in the right place.,Agricultural Sustainability Support and Advisory Programme (ASSAP),Actively involved in developing measures and providing financial support for farmers implementing practices through the Agricultural Sustainability Support and Advisory Programme.,Agricultural Sustainability Support And Advisory Programme,Farming For Water European Innovation Partnership,Research And Regulatory,Research And Regulatory,Research and Regulatory 007,Research and Regulatory 034,2025-06-11T15:50:49.346Z
684997c99b5e602eb0072fa8,MISSION 1,"A Climate Smart,  Environmentally  Sustainable   Agri-Food Sector",MISSION 1 GOAL 3,"Protect High Status Sites and Contribute to the Protection and Restoration of Good Water Quality and Healthy Aquatic Ecosystems, as set out in the Water Framework Directive",MISSION 1 GOAL 3 ACTION 4,Support farmers to target the right  measure in the right place.,Agricultural Catchments Programme (ACP),Actively involved in developing measures and providing financial support for farmers implementing practices through the Agricultural Sustainability Support and Advisory Programme.,Local Authority Waters Programme,Farming For Water European Innovation Partnership,State Agencies And Local Authorities,Research And Regulatory,State Agencies and Local Authorities 005,Research and Regulatory 034,2025-06-11T15:50:49.346Z
684997c99b5e602eb0072fa9,MISSION 1,"A Climate Smart,  Environmentally  Sustainable   Agri-Food Sector",MISSION 1 GOAL 3,"Protect High Status Sites and Contribute to the Protection and Restoration of Good Water Quality and Healthy Aquatic Ecosystems, as set out in the Water Framework Directive",MISSION 1 GOAL 3 ACTION 4,Support farmers to target the right  measure in the right place.,Agricultural Sustainability Support and Advisory Programme (ASSAP),Actively involved in developing measures and providing financial support for farmers implementing practices through the Agricultural Sustainability Support and Advisory Programme.,Local Authority Waters Programme,Farming For Water European Innovation Partnership,State Agencies And Local Authorities,Research And Regulatory,State Agencies and Local Authorities 005,Research and Regulatory 034,2025-06-11T15:50:49.346Z
684997c99b5e602eb0072faa,MISSION 1,"A Climate Smart,  Environmentally  Sustainable   Agri-Food Sector",MISSION 1 GOAL 3,"Protect High Status Sites and Contribute to the Protection and Restoration of Good Water Quality and Healthy Aquatic Ecosystems, as set out in the Water Framework Directive",MISSION 1 GOAL 3 ACTION 4,Support farmers to target the right  measure in the right place.,Agricultural Catchments Programme (ACP),Actively involved in developing measures and providing financial support for farmers implementing practices through the Agricultural Sustainability Support and Advisory Programme.,Base Ireland,Farming For Water European Innovation Partnership,Inputs,Research And Regulatory,Inputs 007,Research and Regulatory 034,2025-06-11T15:50:49.346Z
684997c99b5e602eb0072fab,MISSION 1,"A Climate Smart,  Environmentally  Sustainable   Agri-Food Sector",MISSION 1 GOAL 3,"Protect High Status Sites and Contribute to the Protection and Restoration of Good Water Quality and Healthy Aquatic Ecosystems, as set out in the Water Framework Directive",MISSION 1 GOAL 3 ACTION 4,Support farmers to target the right  measure in the right place.,Agricultural Sustainability Support and Advisory Programme (ASSAP),Actively involved in developing measures and providing financial support for farmers implementing practices through the Agricultural Sustainability Support and Advisory Programme.,Base Ireland,Farming For Water European Innovation Partnership,Inputs,Research And Regulatory,Inputs 007,Research and Regulatory 034,2025-06-11T15:50:49.346Z
684997c99b5e602eb0072fac,MISSION 1,"A Climate Smart,  Environmentally  Sustainable   Agri-Food Sector",MISSION 1 GOAL 3,"Protect High Status Sites and Contribute to the Protection and Restoration of Good Water Quality and Healthy Aquatic Ecosystems, as set out in the Water Framework Directive",MISSION 1 GOAL 3 ACTION 4,Support farmers to target the right  measure in the right place.,Agricultural Catchments Programme (ACP),Actively involved in developing measures and providing financial support for farmers implementing practices through the Agricultural Sustainability Support and Advisory Programme.,Farming For Nature,Farming For Water European Innovation Partnership,Ngo,Research And Regulatory,NGO 014,Research and Regulatory 034,2025-06-11T15:50:49.346Z
684997c99b5e602eb0072fad,MISSION 1,"A Climate Smart,  Environmentally  Sustainable   Agri-Food Sector",MISSION 1 GOAL 3,"Protect High Status Sites and Contribute to the Protection and Restoration of Good Water Quality and Healthy Aquatic Ecosystems, as set out in the Water Framework Directive",MISSION 1 GOAL 3 ACTION 4,Support farmers to target the right  measure in the right place.,Agricultural Sustainability Support and Advisory Programme (ASSAP),Actively involved in developing measures and providing financial support for farmers implementing practices through the Agricultural Sustainability Support and Advisory Programme.,Farming For Nature,Farming For Water European Innovation Partnership,Ngo,Research And Regulatory,NGO 014,Research and Regulatory 034,2025-06-11T15:50:49.346Z
684997c99b5e602eb0072fae,MISSION 1,"A Climate Smart,  Environmentally  Sustainable   Agri-Food Sector",MISSION 1 GOAL 3,"Protect High Status Sites and Contribute to the Protection and Restoration of Good Water Quality and Healthy Aquatic Ecosystems, as set out in the Water Framework Directive",MISSION 1 GOAL 3 ACTION 4,Support farmers to target the right  measure in the right place.,Agricultural Catchments Programme (ACP),Actively involved in developing measures and providing financial support for farmers implementing practices through the Agricultural Sustainability Support and Advisory Programme.,"Department Of Environment, Climate And Communications",Farming For Water European Innovation Partnership,"Department Of Environment, Climate And Communications",Research And Regulatory,"Department of Environment, Climate and Communications 004",Research and Regulatory 034,2025-06-11T15:50:49.346Z
684997c99b5e602eb0072faf,MISSION 1,"A Climate Smart,  Environmentally  Sustainable   Agri-Food Sector",MISSION 1 GOAL 3,"Protect High Status Sites and Contribute to the Protection and Restoration of Good Water Quality and Healthy Aquatic Ecosystems, as set out in the Water Framework Directive",MISSION 1 GOAL 3 ACTION 4,Support farmers to target the right  measure in the right place.,Agricultural Sustainability Support and Advisory Programme (ASSAP),Actively involved in developing measures and providing financial support for farmers implementing practices through the Agricultural Sustainability Support and Advisory Programme.,"Department Of Environment, Climate And Communications",Farming For Water European Innovation Partnership,"Department Of Environment, Climate And Communications",Research And Regulatory,"Department of Environment, Climate and Communications 004",Research and Regulatory 034,2025-06-11T15:50:49.346Z
684997c99b5e602eb0072fb0,MISSION 1,"A Climate Smart,  Environmentally  Sustainable   Agri-Food Sector",MISSION 1 GOAL 3,"Protect High Status Sites and Contribute to the Protection and Restoration of Good Water Quality and Healthy Aquatic Ecosystems, as set out in the Water Framework Directive",MISSION 1 GOAL 3 ACTION 4,Support farmers to target the right  measure in the right place.,Agricultural Catchments Programme (ACP),Actively involved in developing measures and providing financial support for farmers implementing practices through the Agricultural Sustainability Support and Advisory Programme.,Common Agricultural Policy,Farming For Water European Innovation Partnership,European Union (Eu),Research And Regulatory,European Union (EU) 001,Research and Regulatory 034,2025-06-11T15:50:49.346Z
684997c99b5e602eb0072fb1,MISSION 1,"A Climate Smart,  Environmentally  Sustainable   Agri-Food Sector",MISSION 1 GOAL 3,"Protect High Status Sites and Contribute to the Protection and Restoration of Good Water Quality and Healthy Aquatic Ecosystems, as set out in the Water Framework Directive",MISSION 1 GOAL 3 ACTION 4,Support farmers to target the right  measure in the right place.,Agricultural Sustainability Support and Advisory Programme (ASSAP),Actively involved in developing measures and providing financial support for farmers implementing practices through the Agricultural Sustainability Support and Advisory Programme.,Common Agricultural Policy,Farming For Water European Innovation Partnership,European Union (Eu),Research And Regulatory,European Union (EU) 001,Research and Regulatory 034,2025-06-11T15:50:49.346Z
684997c99b5e602eb0072fb2,MISSION 1,"A Climate Smart,  Environmentally  Sustainable   Agri-Food Sector",MISSION 1 GOAL 3,"Protect High Status Sites and Contribute to the Protection and Restoration of Good Water Quality and Healthy Aquatic Ecosystems, as set out in the Water Framework Directive",MISSION 1 GOAL 3 ACTION 4,Support farmers to target the right  measure in the right place.,Agricultural Catchments Programme (ACP),Actively involved in developing measures and providing financial support for farmers implementing practices through the Agricultural Sustainability Support and Advisory Programme.,Rural Development Programme,Farming For Water European Innovation Partnership,Department Of Rural And Community Development,Research And Regulatory,Department of Rural and Community Development 002,Research and Regulatory 034,2025-06-11T15:50:49.346Z
684997c99b5e602eb0072fb3,MISSION 1,"A Climate Smart,  Environmentally  Sustainable   Agri-Food Sector",MISSION 1 GOAL 3,"Protect High Status Sites and Contribute to the Protection and Restoration of Good Water Quality and Healthy Aquatic Ecosystems, as set out in the Water Framework Directive",MISSION 1 GOAL 3 ACTION 4,Support farmers to target the right  measure in the right place.,Agricultural Sustainability Support and Advisory Programme (ASSAP),Actively involved in developing measures and providing financial support for farmers implementing practices through the Agricultural Sustainability Support and Advisory Programme.,Rural Development Programme,Farming For Water European Innovation Partnership,Department Of Rural And Community Development,Research And Regulatory,Department of Rural and Community Development 002,Research and Regulatory 034,2025-06-11T15:50:49.346Z
684997c99b5e602eb0072fb4,MISSION 1,"A Climate Smart,  Environmentally  Sustainable   Agri-Food Sector",MISSION 1 GOAL 5,Enhance the Environmental Sustainability of the Seafood Sector,MISSION 1 GOAL 5 ACTION 6,"Follow the 11 objectives of the new  National Strategic Plan for sustainable  Aquaculture (NSPA) development for  the period 2021 - 2030    (Administrative procedures, Spatial planning and  access to water, Consumer information, Producers  and market organisation, Human and animal health  and welfare, Environmental performance, Climate  change, Innovation, Control of aquaculture products,  Integration of aquaculture in the local economy and  Data and monitoring).",National Strategic Plan for Sustainable Aquaculture Development 2030,Actively involved in the implementation of the National Strategic Plan for Sustainable Aquaculture Development 2030.,Irish National Inshore Fisheries Forum,Irish Aquaculture,Trade Association,Producers,Trade Association 014,Producers 017,2025-06-11T15:50:49.346Z
684997c99b5e602eb0072fb5,MISSION 1,"A Climate Smart,  Environmentally  Sustainable   Agri-Food Sector",MISSION 1 GOAL 5,Enhance the Environmental Sustainability of the Seafood Sector,MISSION 1 GOAL 5 ACTION 6,"Follow the 11 objectives of the new  National Strategic Plan for sustainable  Aquaculture (NSPA) development for  the period 2021 - 2030    (Administrative procedures, Spatial planning and  access to water, Consumer information, Producers  and market organisation, Human and animal health  and welfare, Environmental performance, Climate  change, Innovation, Control of aquaculture products,  Integration of aquaculture in the local economy and  Data and monitoring).",National Strategic Plan for Sustainable Aquaculture Development 2030,Actively involved in providing the strategic vision and framework for funding under the programme.,Irish National Inshore Fisheries Forum,European Union,Trade Association,International Organisation,Trade Association 014,International organisation 008,2025-06-11T15:50:49.346Z
684997c99b5e602eb0072fb6,MISSION 1,"A Climate Smart,  Environmentally  Sustainable   Agri-Food Sector",MISSION 1 GOAL 5,Enhance the Environmental Sustainability of the Seafood Sector,MISSION 1 GOAL 5 ACTION 6,"Follow the 11 objectives of the new  National Strategic Plan for sustainable  Aquaculture (NSPA) development for  the period 2021 - 2030    (Administrative procedures, Spatial planning and  access to water, Consumer information, Producers  and market organisation, Human and animal health  and welfare, Environmental performance, Climate  change, Innovation, Control of aquaculture products,  Integration of aquaculture in the local economy and  Data and monitoring).",National Strategic Plan for Sustainable Aquaculture Development 2030,Actively involved in providing the strategic vision and framework for funding under the programme.,Irish National Inshore Fisheries Forum,European Maritime Fisheries And Aquaculture Fund,Trade Association,International Organisation,Trade Association 014,International organisation 005,2025-06-11T15:50:49.346Z
